"source_item_id","source_url","source_primary_keyword","target_item_id","target_url","target_primary_keyword","anchor_text","link_context","relationship","status","destination_quality_status","destination_http_status","destination_canonical_url","last_verified","reason_or_follow_up"
"proplogai-live-blog-blogs","https://proplogai.com/blogs","PropLogAI blog","proplogai-live-glossary-glossary","https://proplogai.com/glossary","PropLogAI trading glossary","PropLogAI trading glossary","Use where 'PropLogAI trading glossary' is first explained or applied.","cross_type_navigation","planned","audited_live_page","200","https://proplogai.com/glossary","2026-09-24","Batch G1 portfolio architecture; confirm natural placement during the next content revision."
"proplogai-live-blog-ai-journal-pattern-detection","https://proplogai.com/blogs/ai-journal-pattern-detection","AI trading journal analysis","proplogai-live-blog-ai-trading-coach-prop-firm","https://proplogai.com/blogs/ai-trading-coach-prop-firm","AI trading coach for prop firm traders","AI trading coach for prop firm traders","Use where 'AI trading coach for prop firm traders' is first explained or applied.","cluster_to_pillar","planned","audited_live_page","200","https://proplogai.com/blogs/ai-trading-coach-prop-firm","2026-10-04","J0 live crawl found this link, but the approved draft metadata does not claim it; reconcile in a reviewed revision before changing workflow status."
"proplogai-live-blog-ai-journal-pattern-detection","https://proplogai.com/blogs/ai-journal-pattern-detection","AI trading journal analysis","proplogai-live-glossary-pattern-recognition","https://proplogai.com/glossary/pattern-recognition","trading pattern recognition","trading pattern recognition","Use where 'trading pattern recognition' is first explained or applied.","blog_to_glossary","planned","audited_live_page","200","https://proplogai.com/glossary/pattern-recognition","2026-09-24","Batch G1 portfolio architecture; confirm natural placement during the next content revision."
"proplogai-live-blog-ai-journal-pattern-detection","https://proplogai.com/blogs/ai-journal-pattern-detection","AI trading journal analysis","proplogai-2026-10-06-performance-report","https://proplogai.com/glossary/performance-report","trading performance report","trading performance report","Use where 'trading performance report' is first explained or applied.","blog_to_glossary","planned","audited_live_page","200","https://proplogai.com/glossary/performance-report","2026-09-24","Batch G1 portfolio architecture; confirm natural placement during the next content revision."
"proplogai-live-blog-ai-trading-coach-prop-firm","https://proplogai.com/blogs/ai-trading-coach-prop-firm","ai trading coach prop firm","proplogai-live-blog-ai-journal-pattern-detection","https://proplogai.com/blogs/ai-journal-pattern-detection","ai journal pattern detection","how journal pattern detection works","Mechanics intent separated","pillar_to_cluster","live_verified","audited_live_page","200","https://proplogai.com/blogs/ai-journal-pattern-detection","2026-10-04","Production link verified by J0 live crawl on 2026-10-04."
"proplogai-live-blog-ai-trading-coach-prop-firm","https://proplogai.com/blogs/ai-trading-coach-prop-firm","ai trading coach prop firm","proplogai-live-blog-ai-trading-discipline","https://proplogai.com/blogs/ai-trading-discipline","ai trading discipline","discipline review workflow","Discipline workflow intent separated","pillar_to_cluster","live_verified","audited_live_page","200","https://proplogai.com/blogs/ai-trading-discipline","2026-10-04","Production link verified by J0 live crawl on 2026-10-04."
"proplogai-live-blog-ai-trading-coach-prop-firm","https://proplogai.com/blogs/ai-trading-coach-prop-firm","AI trading coach for prop firm traders","proplogai-live-glossary-ai-trading-coach","https://proplogai.com/glossary/ai-trading-coach","AI trading coach","AI trading coach","Use where 'AI trading coach' is first explained or applied.","blog_to_glossary","planned","audited_live_page","200","https://proplogai.com/glossary/ai-trading-coach","2026-09-24","Batch G1 portfolio architecture; confirm natural placement during the next content revision."
"proplogai-live-blog-ai-trading-coach-prop-firm","https://proplogai.com/blogs/ai-trading-coach-prop-firm","AI trading coach for prop firm traders","proplogai-live-glossary-pattern-recognition","https://proplogai.com/glossary/pattern-recognition","trading pattern recognition","trading pattern recognition","Use where 'trading pattern recognition' is first explained or applied.","blog_to_glossary","planned","audited_live_page","200","https://proplogai.com/glossary/pattern-recognition","2026-09-24","Batch G1 portfolio architecture; confirm natural placement during the next content revision."
"proplogai-live-blog-ai-trading-discipline","https://proplogai.com/blogs/ai-trading-discipline","AI trading discipline","proplogai-live-blog-ai-trading-coach-prop-firm","https://proplogai.com/blogs/ai-trading-coach-prop-firm","AI trading coach for prop firm traders","AI trading coach for prop firm traders","Use where 'AI trading coach for prop firm traders' is first explained or applied.","cluster_to_pillar","planned","audited_live_page","200","https://proplogai.com/blogs/ai-trading-coach-prop-firm","2026-10-04","J0 live crawl found this link, but the approved draft metadata does not claim it; reconcile in a reviewed revision before changing workflow status."
"proplogai-live-blog-ai-trading-discipline","https://proplogai.com/blogs/ai-trading-discipline","AI trading discipline","proplogai-live-glossary-ai-trading-coach","https://proplogai.com/glossary/ai-trading-coach","AI trading coach","AI trading coach","Use where 'AI trading coach' is first explained or applied.","blog_to_glossary","planned","audited_live_page","200","https://proplogai.com/glossary/ai-trading-coach","2026-09-24","Batch G1 portfolio architecture; confirm natural placement during the next content revision."
"proplogai-live-blog-ai-trading-discipline","https://proplogai.com/blogs/ai-trading-discipline","AI trading discipline","proplogai-live-glossary-setup-compliance","https://proplogai.com/glossary/setup-compliance","setup compliance","setup compliance","Use where 'setup compliance' is first explained or applied.","blog_to_glossary","planned","audited_live_page","200","https://proplogai.com/glossary/setup-compliance","2026-09-24","Batch G1 portfolio architecture; confirm natural placement during the next content revision."
"proplogai-2026-09-25-daily-drawdown-calculator","https://proplogai.com/blogs/daily-drawdown-calculator","daily drawdown calculator","proplogai-live-blog-prop-firm-risk-management","https://proplogai.com/blogs/prop-firm-risk-management","forex risk management","forex risk management guide","Broader risk framework after comparison table","cluster_to_pillar","live_verified","audited_live_page","200","https://proplogai.com/blogs/prop-firm-risk-management","2026-10-04","Production link verified by J0 live crawl on 2026-10-04."
"proplogai-2026-09-25-daily-drawdown-calculator","https://proplogai.com/blogs/daily-drawdown-calculator","daily drawdown calculator","proplogai-2026-10-08-daily-drawdown-limit","https://proplogai.com/glossary/daily-drawdown-limit","daily drawdown limit","daily drawdown limit","First useful definition mention","definition","live_verified","audited_live_page","200","https://proplogai.com/glossary/daily-drawdown-limit","2026-10-04","Production link verified by J0 live crawl on 2026-10-04."
"proplogai-2026-09-25-daily-drawdown-calculator","https://proplogai.com/blogs/daily-drawdown-calculator","daily drawdown calculator","proplogai-2026-10-01-drawdown","https://proplogai.com/glossary/drawdown","drawdown in prop firm","Drawdown","Three-term comparison table","blog_to_glossary","live_verified","audited_live_page","200","https://proplogai.com/glossary/drawdown","2026-10-04","Production link verified by J0 live crawl on 2026-10-04."
"proplogai-2026-09-25-daily-drawdown-calculator","https://proplogai.com/blogs/daily-drawdown-calculator","daily drawdown calculator","proplogai-2026-10-08-overall-drawdown-limit","https://proplogai.com/glossary/overall-drawdown-limit","overall drawdown limit","overall drawdown limit","Daily versus overall distinction","definition","live_verified","audited_live_page","200","https://proplogai.com/glossary/overall-drawdown-limit","2026-10-04","Production link verified by J0 live crawl on 2026-10-04."
"proplogai-live-blog-forex-journal-funded-accounts","https://proplogai.com/blogs/forex-journal-funded-accounts","forex journal funded accounts","proplogai-2026-10-01-prop-firm-trading-journal","https://proplogai.com/blogs/prop-firm-trading-journal","prop firm trading journal","prop firm trading journal guide","Funded-account workflow narrowed under journal pillar","cluster_to_pillar","live_verified","audited_live_page","200","https://proplogai.com/blogs/prop-firm-trading-journal","2026-10-04","Production link verified by J0 live crawl on 2026-10-04."
"proplogai-live-blog-forex-journal-funded-accounts","https://proplogai.com/blogs/forex-journal-funded-accounts","trading journal for funded accounts","proplogai-live-glossary-trade-review","https://proplogai.com/glossary/trade-review","trade review","trade review","Use where 'trade review' is first explained or applied.","blog_to_glossary","planned","audited_live_page","200","https://proplogai.com/glossary/trade-review","2026-09-24","Batch G1 portfolio architecture; confirm natural placement during the next content revision."
"proplogai-live-blog-forex-journal-funded-accounts","https://proplogai.com/blogs/forex-journal-funded-accounts","trading journal for funded accounts","proplogai-live-glossary-trading-journal","https://proplogai.com/glossary/trading-journal","trading journal","trading journal","Use where 'trading journal' is first explained or applied.","blog_to_glossary","planned","audited_live_page","200","https://proplogai.com/glossary/trading-journal","2026-09-24","Batch G1 portfolio architecture; confirm natural placement during the next content revision."
"proplogai-live-blog-forex-trading-for-beginners","https://proplogai.com/blogs/forex-trading-for-beginners","forex trading for beginners","proplogai-live-blog-prop-firm-challenge-readiness","https://proplogai.com/blogs/prop-firm-challenge-readiness","prop firm challenge readiness","prop firm challenge readiness","Use where 'prop firm challenge readiness' is first explained or applied.","cluster_to_pillar","planned","audited_live_page","200","https://proplogai.com/blogs/prop-firm-challenge-readiness","2026-10-04","J0 live crawl found this link, but the approved draft metadata does not claim it; reconcile in a reviewed revision before changing workflow status."
"proplogai-live-blog-forex-trading-for-beginners","https://proplogai.com/blogs/forex-trading-for-beginners","forex trading for beginners","proplogai-live-glossary-prop-firm-challenge","https://proplogai.com/glossary/prop-firm-challenge","prop firm challenge","prop firm challenge","Use where 'prop firm challenge' is first explained or applied.","blog_to_glossary","planned","audited_live_page","200","https://proplogai.com/glossary/prop-firm-challenge","2026-09-24","Batch G1 portfolio architecture; confirm natural placement during the next content revision."
"proplogai-live-blog-forex-trading-for-beginners","https://proplogai.com/blogs/forex-trading-for-beginners","forex trading for beginners","proplogai-live-glossary-trading-plan","https://proplogai.com/glossary/trading-plan","trading plan","trading plan","Use where 'trading plan' is first explained or applied.","blog_to_glossary","planned","audited_live_page","200","https://proplogai.com/glossary/trading-plan","2026-09-24","Batch G1 portfolio architecture; confirm natural placement during the next content revision."
"proplogai-live-blog-monthly-trading-review-template","https://proplogai.com/blogs/monthly-trading-review-template","monthly trading review template","proplogai-2026-10-01-prop-firm-trading-journal","https://proplogai.com/blogs/prop-firm-trading-journal","prop firm trading journal","prop firm trading journal","Use where 'prop firm trading journal' is first explained or applied.","cluster_to_pillar","planned","audited_live_page","200","https://proplogai.com/blogs/prop-firm-trading-journal","2026-10-04","J0 live crawl found this link, but the approved draft metadata does not claim it; reconcile in a reviewed revision before changing workflow status."
"proplogai-live-blog-monthly-trading-review-template","https://proplogai.com/blogs/monthly-trading-review-template","monthly trading review template","proplogai-2026-10-06-performance-report","https://proplogai.com/glossary/performance-report","trading performance report","trading performance report","Use where 'trading performance report' is first explained or applied.","blog_to_glossary","planned","audited_live_page","200","https://proplogai.com/glossary/performance-report","2026-09-24","Batch G1 portfolio architecture; confirm natural placement during the next content revision."
"proplogai-live-blog-monthly-trading-review-template","https://proplogai.com/blogs/monthly-trading-review-template","monthly trading review template","proplogai-live-glossary-trade-review","https://proplogai.com/glossary/trade-review","trade review","trade review","Use where 'trade review' is first explained or applied.","blog_to_glossary","planned","audited_live_page","200","https://proplogai.com/glossary/trade-review","2026-09-24","Batch G1 portfolio architecture; confirm natural placement during the next content revision."
"proplogai-live-blog-overtrading-prop-firm-challenges","https://proplogai.com/blogs/overtrading-prop-firm-challenges","overtrading in prop firm challenges","proplogai-live-blog-trading-discipline-prop-firm","https://proplogai.com/blogs/trading-discipline-prop-firm","trading discipline","trading discipline guide","Placed after the definition and process-drift criteria.","cluster_to_pillar","live_verified","audited_live_page","200","https://proplogai.com/blogs/trading-discipline-prop-firm","2026-10-04","Production link verified by J0 live crawl on 2026-10-04."
"proplogai-live-blog-overtrading-prop-firm-challenges","https://proplogai.com/blogs/overtrading-prop-firm-challenges","overtrading in prop firm challenges","proplogai-live-glossary-overtrading","https://proplogai.com/glossary/overtrading","overtrading","Overtrading","First useful definition mention.","definition","live_verified","audited_live_page","200","https://proplogai.com/glossary/overtrading","2026-10-04","Production link verified by J0 live crawl on 2026-10-04."
"proplogai-live-blog-overtrading-prop-firm-challenges","https://proplogai.com/blogs/overtrading-prop-firm-challenges","overtrading in prop firm challenges","proplogai-live-glossary-setup-compliance","https://proplogai.com/glossary/setup-compliance","setup compliance","setup compliance","Placed in the setup-quality review section.","blog_to_glossary","live_verified","audited_live_page","200","https://proplogai.com/glossary/setup-compliance","2026-10-04","Production link verified by J0 live crawl on 2026-10-04."
"proplogai-live-blog-prop-firm-challenge-readiness","https://proplogai.com/blogs/prop-firm-challenge-readiness","prop firm challenge readiness","proplogai-live-glossary-funded-account","https://proplogai.com/glossary/funded-account","funded trading account","funded trading account","Use where 'funded trading account' is first explained or applied.","blog_to_glossary","planned","audited_live_page","200","https://proplogai.com/glossary/funded-account","2026-09-24","Batch G1 portfolio architecture; confirm natural placement during the next content revision."
"proplogai-live-blog-prop-firm-challenge-readiness","https://proplogai.com/blogs/prop-firm-challenge-readiness","prop firm challenge readiness","proplogai-live-glossary-prop-firm-challenge","https://proplogai.com/glossary/prop-firm-challenge","prop firm challenge","prop firm challenge","Use where 'prop firm challenge' is first explained or applied.","blog_to_glossary","planned","audited_live_page","200","https://proplogai.com/glossary/prop-firm-challenge","2026-09-24","Batch G1 portfolio architecture; confirm natural placement during the next content revision."
"proplogai-2026-09-29-prop-firm-consistency-calculator","https://proplogai.com/blogs/prop-firm-consistency-calculator","consistency rule calculator","proplogai-live-blog-prop-firm-challenge-readiness","https://proplogai.com/blogs/prop-firm-challenge-readiness","prop firm challenge readiness","prop firm challenge readiness guide","Whole-rule review after the comparison table.","cluster_to_pillar","live_verified","audited_live_page","200","https://proplogai.com/blogs/prop-firm-challenge-readiness","2026-10-04","Production link verified by J0 live crawl on 2026-10-04."
"proplogai-2026-09-29-prop-firm-consistency-calculator","https://proplogai.com/blogs/prop-firm-consistency-calculator","consistency rule calculator","proplogai-live-glossary-consistency-rule","https://proplogai.com/glossary/consistency-rule","consistency rule","consistency rule","First useful definition mention","definition","live_verified","audited_live_page","200","https://proplogai.com/glossary/consistency-rule","2026-10-04","Production link verified by J0 live crawl on 2026-10-04."
"proplogai-2026-09-29-prop-firm-consistency-calculator","https://proplogai.com/blogs/prop-firm-consistency-calculator","consistency rule calculator","proplogai-live-glossary-profit-target","https://proplogai.com/glossary/profit-target","prop firm profit target","Profit target","Rule-comparison table.","blog_to_glossary","live_verified","audited_live_page","200","https://proplogai.com/glossary/profit-target","2026-10-04","Production link verified by J0 live crawl on 2026-10-04."
"proplogai-2026-09-29-prop-firm-consistency-calculator","https://proplogai.com/blogs/prop-firm-consistency-calculator","consistency rule calculator","proplogai-tool-consistency-calculator","https://proplogai.com/tools/consistency-calculator","consistency calculator","free consistency rule calculator","Early calculation-task CTA.","other","live_verified","audited_live_page","200","https://proplogai.com/tools/consistency-calculator","2026-10-04","Production link verified by J0 live crawl on 2026-10-04."
"proplogai-2026-09-25-prop-firm-expense-tracking-guide","https://proplogai.com/blogs/prop-firm-expense-tracking-guide","prop firm expense tracking guide","proplogai-live-blog-prop-firm-roi-calculator","https://proplogai.com/blogs/prop-firm-roi-calculator","prop firm roi calculator","prop firm ROI calculator guide","Record keeping separated from ROI calculation","sibling","live_verified","audited_live_page","200","https://proplogai.com/blogs/prop-firm-roi-calculator","2026-10-04","Production link verified by J0 live crawl on 2026-10-04."
"proplogai-2026-09-25-prop-firm-expense-tracking-guide","https://proplogai.com/blogs/prop-firm-expense-tracking-guide","prop firm expense tracking","proplogai-live-glossary-funded-account","https://proplogai.com/glossary/funded-account","funded trading account","funded account","Use where 'funded trading account' is first explained or applied.","blog_to_glossary","live_verified","audited_live_page","200","https://proplogai.com/glossary/funded-account","2026-10-04","Production link verified by J0 live crawl on 2026-10-04."
"proplogai-live-blog-prop-firm-pnl-calendar","https://proplogai.com/blogs/prop-firm-pnl-calendar","trading P and L calendar","proplogai-2026-10-01-prop-firm-trading-journal","https://proplogai.com/blogs/prop-firm-trading-journal","prop firm trading journal","prop firm trading journal","Use where 'prop firm trading journal' is first explained or applied.","cluster_to_pillar","planned","audited_live_page","200","https://proplogai.com/blogs/prop-firm-trading-journal","2026-09-24","Batch G1 portfolio architecture; confirm natural placement during the next content revision."
"proplogai-live-blog-prop-firm-pnl-calendar","https://proplogai.com/blogs/prop-firm-pnl-calendar","trading P and L calendar","proplogai-2026-10-06-equity-curve","https://proplogai.com/glossary/equity-curve","trading equity curve","trading equity curve","Use where 'trading equity curve' is first explained or applied.","blog_to_glossary","planned","audited_live_page","200","https://proplogai.com/glossary/equity-curve","2026-09-24","Batch G1 portfolio architecture; confirm natural placement during the next content revision."
"proplogai-live-blog-prop-firm-pnl-calendar","https://proplogai.com/blogs/prop-firm-pnl-calendar","trading P and L calendar","proplogai-2026-10-06-performance-report","https://proplogai.com/glossary/performance-report","trading performance report","trading performance report","Use where 'trading performance report' is first explained or applied.","blog_to_glossary","planned","audited_live_page","200","https://proplogai.com/glossary/performance-report","2026-09-24","Batch G1 portfolio architecture; confirm natural placement during the next content revision."
"proplogai-live-blog-prop-firm-risk-management","https://proplogai.com/blogs/prop-firm-risk-management","forex risk management","proplogai-2026-10-01-drawdown","https://proplogai.com/glossary/drawdown","drawdown in prop firm","Drawdown","Layered-risk explanation.","blog_to_glossary","live_verified","audited_live_page","200","https://proplogai.com/glossary/drawdown","2026-10-04","Production link verified by J0 live crawl on 2026-10-04."
"proplogai-live-blog-prop-firm-risk-management","https://proplogai.com/blogs/prop-firm-risk-management","forex risk management","proplogai-2026-10-05-position-sizing","https://proplogai.com/glossary/position-sizing","position sizing","position sizing","Use where 'position sizing' is first explained or applied.","blog_to_glossary","planned","audited_live_page","200","https://proplogai.com/glossary/position-sizing","2026-09-24","Batch G1 portfolio architecture; confirm natural placement during the next content revision."
"proplogai-live-blog-prop-firm-risk-management","https://proplogai.com/blogs/prop-firm-risk-management","forex risk management","proplogai-live-glossary-risk-per-trade","https://proplogai.com/glossary/risk-per-trade","risk per trade","risk per trade","Use where 'risk per trade' is first explained or applied.","blog_to_glossary","planned","audited_live_page","200","https://proplogai.com/glossary/risk-per-trade","2026-09-24","Batch G1 portfolio architecture; confirm natural placement during the next content revision."
"proplogai-live-blog-prop-firm-roi-calculator","https://proplogai.com/blogs/prop-firm-roi-calculator","prop firm roi calculator","proplogai-2026-09-25-prop-firm-expense-tracking-guide","https://proplogai.com/blogs/prop-firm-expense-tracking-guide","prop firm expense tracking guide","The Complete Guide to Tracking Your Prop Firm Expenses","Reciprocal reader path","sibling","live_verified","audited_live_page","200","https://proplogai.com/blogs/prop-firm-expense-tracking-guide","2026-10-04","Production link verified by J0 live crawl on 2026-10-04."
"proplogai-live-blog-prop-firm-roi-calculator","https://proplogai.com/blogs/prop-firm-roi-calculator","prop firm ROI calculator","proplogai-live-glossary-funded-account","https://proplogai.com/glossary/funded-account","funded trading account","funded trading account","Use where 'funded trading account' is first explained or applied.","blog_to_glossary","planned","audited_live_page","200","https://proplogai.com/glossary/funded-account","2026-09-24","Batch G1 portfolio architecture; confirm natural placement during the next content revision."
"proplogai-live-blog-prop-firm-roi-calculator","https://proplogai.com/blogs/prop-firm-roi-calculator","prop firm ROI calculator","proplogai-live-glossary-profit-target","https://proplogai.com/glossary/profit-target","prop firm profit target","prop firm profit target","Use where 'prop firm profit target' is first explained or applied.","blog_to_glossary","planned","audited_live_page","200","https://proplogai.com/glossary/profit-target","2026-09-24","Batch G1 portfolio architecture; confirm natural placement during the next content revision."
"proplogai-2026-10-01-prop-firm-trading-journal","https://proplogai.com/blogs/prop-firm-trading-journal","prop firm trading journal","proplogai-live-blog-prop-firm-pnl-calendar","https://proplogai.com/blogs/prop-firm-pnl-calendar","pnl calendar","P&L calendar","Weekly review section","pillar_to_cluster","live_verified","audited_live_page","200","https://proplogai.com/blogs/prop-firm-pnl-calendar","2026-10-04","Production link verified by J0 live crawl on 2026-10-04."
"proplogai-2026-10-01-prop-firm-trading-journal","https://proplogai.com/blogs/prop-firm-trading-journal","prop firm trading journal","proplogai-live-blog-tracking-trading-emotions","https://proplogai.com/blogs/tracking-trading-emotions","tracking trading emotions","tracking trading emotions","Weak legacy emotion destination replaced","pillar_to_cluster","remove","approved","200","https://proplogai.com/blogs/tracking-trading-emotions","2026-10-02","Removed from the I3 pillar revision because the destination is outside the focused workflow or replaced by a clearer link."
"proplogai-2026-10-01-prop-firm-trading-journal","https://proplogai.com/blogs/prop-firm-trading-journal","prop firm trading journal","proplogai-2026-09-24-trading-journal-template","https://proplogai.com/blogs/trading-journal-template","trading journal template","trading journal template","Three-minute journal section","pillar_to_cluster","live_verified","audited_live_page","200","https://proplogai.com/blogs/trading-journal-template","2026-10-04","Production link verified by J0 live crawl on 2026-10-04."
"proplogai-2026-10-01-prop-firm-trading-journal","https://proplogai.com/blogs/prop-firm-trading-journal","prop firm trading journal","proplogai-live-glossary-trade-review","https://proplogai.com/glossary/trade-review","trade review","trade review","Weekly review definition","blog_to_glossary","live_verified","audited_live_page","200","https://proplogai.com/glossary/trade-review","2026-10-04","Production link verified by J0 live crawl on 2026-10-04."
"proplogai-2026-10-01-prop-firm-trading-journal","https://proplogai.com/blogs/prop-firm-trading-journal","prop firm trading journal","proplogai-live-glossary-trading-journal","https://proplogai.com/glossary/trading-journal","trading journal","trading journal","First useful definition mention","definition","live_verified","audited_live_page","200","https://proplogai.com/glossary/trading-journal","2026-10-04","Production link verified by J0 live crawl on 2026-10-04."
"proplogai-live-blog-prop-firm-trading-rulebook","https://proplogai.com/blogs/prop-firm-trading-rulebook","trading rulebook","proplogai-live-blog-trading-discipline-prop-firm","https://proplogai.com/blogs/trading-discipline-prop-firm","trading discipline","trading discipline","Use where 'trading discipline' is first explained or applied.","cluster_to_pillar","planned","audited_live_page","200","https://proplogai.com/blogs/trading-discipline-prop-firm","2026-10-04","J0 live crawl found this link, but the approved draft metadata does not claim it; reconcile in a reviewed revision before changing workflow status."
"proplogai-live-blog-prop-firm-trading-rulebook","https://proplogai.com/blogs/prop-firm-trading-rulebook","trading rulebook","proplogai-live-glossary-rule-based-trading","https://proplogai.com/glossary/rule-based-trading","rule based trading","rule based trading","Use where 'rule based trading' is first explained or applied.","blog_to_glossary","planned","audited_live_page","200","https://proplogai.com/glossary/rule-based-trading","2026-09-24","Batch G1 portfolio architecture; confirm natural placement during the next content revision."
"proplogai-live-blog-prop-firm-trading-rulebook","https://proplogai.com/blogs/prop-firm-trading-rulebook","trading rulebook","proplogai-live-glossary-trading-plan","https://proplogai.com/glossary/trading-plan","trading plan","trading plan","Use where 'trading plan' is first explained or applied.","blog_to_glossary","planned","audited_live_page","200","https://proplogai.com/glossary/trading-plan","2026-09-24","Batch G1 portfolio architecture; confirm natural placement during the next content revision."
"proplogai-2026-10-04-revenge-trading-prop-firm","https://proplogai.com/blogs/revenge-trading-prop-firm","how to stop revenge trading","proplogai-live-blog-trading-psychology-prop-firm","https://proplogai.com/blogs/trading-psychology-prop-firm","trading psychology","trading psychology for prop-firm traders","Broader pattern context after the distinction section.","cluster_to_pillar","live_verified","audited_live_page","200","https://proplogai.com/blogs/trading-psychology-prop-firm","2026-10-04","Production link verified by J0 live crawl on 2026-10-04."
"proplogai-2026-10-04-revenge-trading-prop-firm","https://proplogai.com/blogs/revenge-trading-prop-firm","how to stop revenge trading","proplogai-live-glossary-revenge-trading","https://proplogai.com/glossary/revenge-trading","revenge trading","revenge trading","Quick-answer definition mention.","definition","live_verified","audited_live_page","200","https://proplogai.com/glossary/revenge-trading","2026-10-04","Production link verified by J0 live crawl on 2026-10-04."
"proplogai-2026-10-04-revenge-trading-prop-firm","https://proplogai.com/blogs/revenge-trading-prop-firm","how to stop revenge trading","proplogai-2026-10-08-tilt","https://proplogai.com/glossary/tilt","tilt in trading","tilt in trading","Distinguishes tilt from the specific post-loss revenge pattern.","blog_to_glossary","live_verified","audited_live_page","200","https://proplogai.com/glossary/tilt","2026-10-04","Production link verified by J0 live crawl on 2026-10-04."
"proplogai-live-blog-tracking-trading-emotions","https://proplogai.com/blogs/tracking-trading-emotions","how to track trading emotions","proplogai-live-blog-trading-psychology-prop-firm","https://proplogai.com/blogs/trading-psychology-prop-firm","trading psychology","trading psychology","Use where 'trading psychology' is first explained or applied.","cluster_to_pillar","planned","audited_live_page","200","https://proplogai.com/blogs/trading-psychology-prop-firm","2026-10-04","J0 live crawl found this link, but the approved draft metadata does not claim it; reconcile in a reviewed revision before changing workflow status."
"proplogai-live-blog-tracking-trading-emotions","https://proplogai.com/blogs/tracking-trading-emotions","how to track trading emotions","proplogai-live-glossary-emotion-tracking","https://proplogai.com/glossary/emotion-tracking","trading emotion tracking","trading emotion tracking","Use where 'trading emotion tracking' is first explained or applied.","blog_to_glossary","planned","audited_live_page","200","https://proplogai.com/glossary/emotion-tracking","2026-09-24","Batch G1 portfolio architecture; confirm natural placement during the next content revision."
"proplogai-live-blog-tracking-trading-emotions","https://proplogai.com/blogs/tracking-trading-emotions","how to track trading emotions","proplogai-2026-10-05-fomo","https://proplogai.com/glossary/fomo","FOMO in trading","FOMO in trading","Use where 'FOMO in trading' is first explained or applied.","blog_to_glossary","planned","audited_live_page","200","https://proplogai.com/glossary/fomo","2026-09-24","Batch G1 portfolio architecture; confirm natural placement during the next content revision."
"proplogai-live-blog-trading-discipline-prop-firm","https://proplogai.com/blogs/trading-discipline-prop-firm","trading discipline","proplogai-live-glossary-rule-based-trading","https://proplogai.com/glossary/rule-based-trading","rule based trading","rule based trading","Use where 'rule based trading' is first explained or applied.","blog_to_glossary","planned","audited_live_page","200","https://proplogai.com/glossary/rule-based-trading","2026-09-24","Batch G1 portfolio architecture; confirm natural placement during the next content revision."
"proplogai-live-blog-trading-discipline-prop-firm","https://proplogai.com/blogs/trading-discipline-prop-firm","trading discipline","proplogai-live-glossary-setup-compliance","https://proplogai.com/glossary/setup-compliance","setup compliance","setup compliance","Use where 'setup compliance' is first explained or applied.","blog_to_glossary","planned","audited_live_page","200","https://proplogai.com/glossary/setup-compliance","2026-09-24","Batch G1 portfolio architecture; confirm natural placement during the next content revision."
"proplogai-2026-09-25-how-emotions-affect-trading-decisions","https://proplogai.com/blogs/how-emotions-affect-trading-decisions","how emotions affect trading decisions","proplogai-live-blog-tracking-trading-emotions","https://proplogai.com/blogs/tracking-trading-emotions","tracking trading emotions","tracking trading emotions before, during, and after a trade","Legacy cross-link moved to approved workflow","sibling","live_verified","audited_live_page","200","https://proplogai.com/blogs/tracking-trading-emotions","2026-10-04","Production link verified by J0 live crawl on 2026-10-04."
"proplogai-2026-09-25-how-emotions-affect-trading-decisions","https://proplogai.com/blogs/how-emotions-affect-trading-decisions","how emotions affect trading decisions","proplogai-live-blog-trading-psychology-prop-firm","https://proplogai.com/blogs/trading-psychology-prop-firm","trading psychology","trading psychology","Use where 'trading psychology' is first explained or applied.","cluster_to_pillar","live_verified","audited_live_page","200","https://proplogai.com/blogs/trading-psychology-prop-firm","2026-10-04","Production link verified by J0 live crawl on 2026-10-04."
"proplogai-2026-09-25-how-emotions-affect-trading-decisions","https://proplogai.com/blogs/how-emotions-affect-trading-decisions","how emotions affect trading decisions","proplogai-live-glossary-emotion-tracking","https://proplogai.com/glossary/emotion-tracking","trading emotion tracking","trading emotion tracking","Use where 'trading emotion tracking' is first explained or applied.","blog_to_glossary","live_verified","audited_live_page","200","https://proplogai.com/glossary/emotion-tracking","2026-10-04","Production link verified by J0 live crawl on 2026-10-04."
"proplogai-2026-09-25-how-emotions-affect-trading-decisions","https://proplogai.com/blogs/how-emotions-affect-trading-decisions","how emotions affect trading decisions","proplogai-live-glossary-revenge-trading","https://proplogai.com/glossary/revenge-trading","revenge trading","revenge trading","Use where 'revenge trading' is first explained or applied.","blog_to_glossary","live_verified","audited_live_page","200","https://proplogai.com/glossary/revenge-trading","2026-10-04","Production link verified by J0 live crawl on 2026-10-04."
"proplogai-live-blog-trading-journal-benefits","https://proplogai.com/blogs/trading-journal-benefits","trading journal benefits","proplogai-2026-10-01-prop-firm-trading-journal","https://proplogai.com/blogs/prop-firm-trading-journal","prop firm trading journal","prop firm trading journal","Use where 'prop firm trading journal' is first explained or applied.","cluster_to_pillar","remove","audited_live_page","200","https://proplogai.com/blogs/prop-firm-trading-journal","2026-10-02","Legacy article removed from the local collection after consolidation; production remains unchanged until release."
"proplogai-live-blog-trading-journal-benefits","https://proplogai.com/blogs/trading-journal-benefits","trading journal benefits","proplogai-live-glossary-trade-review","https://proplogai.com/glossary/trade-review","trade review","trade review","Use where 'trade review' is first explained or applied.","blog_to_glossary","remove","audited_live_page","200","https://proplogai.com/glossary/trade-review","2026-10-02","Legacy article removed from the local collection after consolidation; production remains unchanged until release."
"proplogai-live-blog-trading-journal-benefits","https://proplogai.com/blogs/trading-journal-benefits","trading journal benefits","proplogai-live-glossary-trading-journal","https://proplogai.com/glossary/trading-journal","trading journal","trading journal","Use where 'trading journal' is first explained or applied.","blog_to_glossary","remove","audited_live_page","200","https://proplogai.com/glossary/trading-journal","2026-10-02","Legacy article removed from the local collection after consolidation; production remains unchanged until release."
"proplogai-live-blog-trading-journal-fields","https://proplogai.com/blogs/trading-journal-fields","trading journal fields","proplogai-2026-10-01-prop-firm-trading-journal","https://proplogai.com/blogs/prop-firm-trading-journal","prop firm trading journal","prop firm trading journal guide","Fields article points to journal pillar","cluster_to_pillar","live_verified","audited_live_page","200","https://proplogai.com/blogs/prop-firm-trading-journal","2026-10-04","Production link verified by J0 live crawl on 2026-10-04."
"proplogai-live-blog-trading-journal-fields","https://proplogai.com/blogs/trading-journal-fields","trading journal fields","proplogai-2026-09-24-trading-journal-template","https://proplogai.com/blogs/trading-journal-template","trading journal template","copyable trading journal template","Placed after the recommended starting-field list.","supporting_blog","live_verified","audited_live_page","200","https://proplogai.com/blogs/trading-journal-template","2026-10-04","Production link verified by J0 live crawl on 2026-10-04."
"proplogai-live-blog-trading-journal-fields","https://proplogai.com/blogs/trading-journal-fields","trading journal fields","proplogai-live-glossary-setup-compliance","https://proplogai.com/glossary/setup-compliance","setup compliance","setup compliance","Use where 'setup compliance' is first explained or applied.","blog_to_glossary","planned","audited_live_page","200","https://proplogai.com/glossary/setup-compliance","2026-09-24","Batch G1 portfolio architecture; confirm natural placement during the next content revision."
"proplogai-live-blog-trading-journal-fields","https://proplogai.com/blogs/trading-journal-fields","trading journal fields","proplogai-live-glossary-trading-journal","https://proplogai.com/glossary/trading-journal","trading journal","trading journal","Use where 'trading journal' is first explained or applied.","blog_to_glossary","planned","audited_live_page","200","https://proplogai.com/glossary/trading-journal","2026-09-24","Batch G1 portfolio architecture; confirm natural placement during the next content revision."
"proplogai-2026-09-24-trading-journal-template","https://proplogai.com/blogs/trading-journal-template","trading journal template","proplogai-live-blog-monthly-trading-review-template","https://proplogai.com/blogs/monthly-trading-review-template","monthly trading review template","monthly trading review template","Use when distinguishing a monthly review from a weekly review.","supporting_blog","live_verified","audited_live_page","200","https://proplogai.com/blogs/monthly-trading-review-template","2026-10-04","Production link verified by J0 live crawl on 2026-10-04."
"proplogai-2026-09-24-trading-journal-template","https://proplogai.com/blogs/trading-journal-template","trading journal template","proplogai-2026-10-01-prop-firm-trading-journal","https://proplogai.com/blogs/prop-firm-trading-journal","prop firm trading journal","prop firm trading journal","Use when explaining the wider journaling system.","cluster_to_pillar","live_verified","audited_live_page","200","https://proplogai.com/blogs/prop-firm-trading-journal","2026-10-04","Production link verified by J0 live crawl on 2026-10-04."
"proplogai-2026-09-24-trading-journal-template","https://proplogai.com/blogs/trading-journal-template","trading journal template","proplogai-live-blog-trading-journal-fields","https://proplogai.com/blogs/trading-journal-fields","trading journal fields","trading journal fields","Use when the reader needs a deeper field-selection guide.","supporting_blog","live_verified","audited_live_page","200","https://proplogai.com/blogs/trading-journal-fields","2026-10-04","Production link verified by J0 live crawl on 2026-10-04."
"proplogai-2026-09-24-trading-journal-template","https://proplogai.com/blogs/trading-journal-template","trading journal template","proplogai-live-blog-weekly-trading-review-template","https://proplogai.com/blogs/weekly-trading-review-template","weekly trading review template","weekly trading review template","Use when moving from one trade entry to a weekly review.","supporting_blog","live_verified","audited_live_page","200","https://proplogai.com/blogs/weekly-trading-review-template","2026-10-04","Production link verified by J0 live crawl on 2026-10-04."
"proplogai-2026-09-24-trading-journal-template","https://proplogai.com/blogs/trading-journal-template","trading journal template","proplogai-live-glossary-setup-compliance","https://proplogai.com/glossary/setup-compliance","setup compliance","setup compliance","Use when explaining rule and setup adherence.","blog_to_glossary","live_verified","audited_live_page","200","https://proplogai.com/glossary/setup-compliance","2026-10-04","Production link verified by J0 live crawl on 2026-10-04."
"proplogai-2026-09-24-trading-journal-template","https://proplogai.com/blogs/trading-journal-template","trading journal template","proplogai-live-glossary-trade-review","https://proplogai.com/glossary/trade-review","trade review","trade review","Use when explaining the post-trade review step.","blog_to_glossary","live_verified","audited_live_page","200","https://proplogai.com/glossary/trade-review","2026-10-04","Production link verified by J0 live crawl on 2026-10-04."
"proplogai-2026-09-24-trading-journal-template","https://proplogai.com/blogs/trading-journal-template","trading journal template","proplogai-live-glossary-trading-journal","https://proplogai.com/glossary/trading-journal","trading journal","trading journal","Use on the first useful definition reference.","blog_to_glossary","live_verified","audited_live_page","200","https://proplogai.com/glossary/trading-journal","2026-10-04","Production link verified by J0 live crawl on 2026-10-04."
"proplogai-live-blog-trading-psychology-prop-firm","https://proplogai.com/blogs/trading-psychology-prop-firm","trading psychology prop firm","proplogai-live-blog-tracking-trading-emotions","https://proplogai.com/blogs/tracking-trading-emotions","tracking trading emotions","tracking trading emotions","Neutral emotion-tracking guide selected","pillar_to_cluster","live_verified","audited_live_page","200","https://proplogai.com/blogs/tracking-trading-emotions","2026-10-04","Production link verified by J0 live crawl on 2026-10-04."
"proplogai-live-blog-trading-psychology-prop-firm","https://proplogai.com/blogs/trading-psychology-prop-firm","trading psychology","proplogai-live-glossary-emotion-tracking","https://proplogai.com/glossary/emotion-tracking","trading emotion tracking","trading emotion tracking","Use where 'trading emotion tracking' is first explained or applied.","blog_to_glossary","planned","audited_live_page","200","https://proplogai.com/glossary/emotion-tracking","2026-09-24","Batch G1 portfolio architecture; confirm natural placement during the next content revision."
"proplogai-live-blog-trading-psychology-prop-firm","https://proplogai.com/blogs/trading-psychology-prop-firm","trading psychology","proplogai-live-glossary-loss-aversion","https://proplogai.com/glossary/loss-aversion","loss aversion in trading","loss aversion in trading","Use where 'loss aversion in trading' is first explained or applied.","blog_to_glossary","planned","audited_live_page","200","https://proplogai.com/glossary/loss-aversion","2026-09-24","Batch G1 portfolio architecture; confirm natural placement during the next content revision."
"proplogai-live-blog-weekly-trading-review-template","https://proplogai.com/blogs/weekly-trading-review-template","weekly trading review template","proplogai-2026-10-01-prop-firm-trading-journal","https://proplogai.com/blogs/prop-firm-trading-journal","prop firm trading journal","prop firm trading journal","Use where 'prop firm trading journal' is first explained or applied.","cluster_to_pillar","planned","audited_live_page","200","https://proplogai.com/blogs/prop-firm-trading-journal","2026-10-04","J0 live crawl found this link, but the approved draft metadata does not claim it; reconcile in a reviewed revision before changing workflow status."
"proplogai-live-blog-weekly-trading-review-template","https://proplogai.com/blogs/weekly-trading-review-template","weekly trading review template","proplogai-2026-10-06-performance-report","https://proplogai.com/glossary/performance-report","trading performance report","trading performance report","Use where 'trading performance report' is first explained or applied.","blog_to_glossary","planned","audited_live_page","200","https://proplogai.com/glossary/performance-report","2026-09-24","Batch G1 portfolio architecture; confirm natural placement during the next content revision."
"proplogai-live-blog-weekly-trading-review-template","https://proplogai.com/blogs/weekly-trading-review-template","weekly trading review template","proplogai-live-glossary-trade-review","https://proplogai.com/glossary/trade-review","trade review","trade review","Use where 'trade review' is first explained or applied.","blog_to_glossary","planned","audited_live_page","200","https://proplogai.com/glossary/trade-review","2026-09-24","Batch G1 portfolio architecture; confirm natural placement during the next content revision."
"proplogai-live-glossary-glossary","https://proplogai.com/glossary","PropLogAI trading glossary","proplogai-live-blog-blogs","https://proplogai.com/blogs","PropLogAI blog","PropLogAI blog","Use where 'PropLogAI blog' is first explained or applied.","cross_type_navigation","planned","audited_live_page","200","https://proplogai.com/blogs","2026-09-24","Batch G1 portfolio architecture; confirm natural placement during the next content revision."
"proplogai-live-glossary-ai-trading-coach","https://proplogai.com/glossary/ai-trading-coach","AI trading coach","proplogai-live-blog-ai-trading-coach-prop-firm","https://proplogai.com/blogs/ai-trading-coach-prop-firm","AI trading coach for prop firm traders","AI trading coach for prop firm traders","Use where 'AI trading coach for prop firm traders' is first explained or applied.","cluster_to_pillar","planned","audited_live_page","200","https://proplogai.com/blogs/ai-trading-coach-prop-firm","2026-09-24","Batch G1 portfolio architecture; confirm natural placement during the next content revision."
"proplogai-live-glossary-ai-trading-coach","https://proplogai.com/glossary/ai-trading-coach","AI trading coach","proplogai-live-blog-ai-trading-discipline","https://proplogai.com/blogs/ai-trading-discipline","AI trading discipline","AI trading discipline","Use where 'AI trading discipline' is first explained or applied.","glossary_to_blog","planned","audited_live_page","200","https://proplogai.com/blogs/ai-trading-discipline","2026-09-24","Batch G1 portfolio architecture; confirm natural placement during the next content revision."
"proplogai-2026-10-01-drawdown","https://proplogai.com/glossary/drawdown","drawdown in prop firm","proplogai-2026-09-25-daily-drawdown-calculator","https://proplogai.com/blogs/daily-drawdown-calculator","daily drawdown calculator","See how to check a daily drawdown buffer","Practical guide card","definition","live_verified","audited_live_page","200","https://proplogai.com/blogs/daily-drawdown-calculator","2026-10-09","Production link verified by J0 live crawl on 2026-10-04. K2 live glossary crawl verified the released source page and reachable destination on 2026-10-09."
"proplogai-2026-10-01-drawdown","https://proplogai.com/glossary/drawdown","drawdown in prop firm","proplogai-live-blog-prop-firm-risk-management","https://proplogai.com/blogs/prop-firm-risk-management","forex risk management","prop firm risk management guide","Final wider-process path.","cluster_to_pillar","live_verified","audited_live_page","200","https://proplogai.com/blogs/prop-firm-risk-management","2026-10-09","Production link verified by J0 live crawl on 2026-10-04. K2 live glossary crawl verified the released source page and reachable destination on 2026-10-09."
"proplogai-2026-10-01-drawdown","https://proplogai.com/glossary/drawdown","drawdown in prop firm","proplogai-2026-10-08-daily-drawdown-limit","https://proplogai.com/glossary/daily-drawdown-limit","daily drawdown limit","daily drawdown limit","Contract-rule distinction","related_definition","live_verified","audited_live_page","200","https://proplogai.com/glossary/daily-drawdown-limit","2026-10-09","Production link verified by J0 live crawl on 2026-10-04. K2 live glossary crawl verified the released source page and reachable destination on 2026-10-09."
"proplogai-2026-10-01-drawdown","https://proplogai.com/glossary/drawdown","drawdown in prop firm","proplogai-2026-10-08-overall-drawdown-limit","https://proplogai.com/glossary/overall-drawdown-limit","overall drawdown limit","overall drawdown limit","Contract-rule distinction","related_definition","live_verified","audited_live_page","200","https://proplogai.com/glossary/overall-drawdown-limit","2026-10-09","Production link verified by J0 live crawl on 2026-10-04. K2 live glossary crawl verified the released source page and reachable destination on 2026-10-09."
"proplogai-2026-10-06-equity-curve","https://proplogai.com/glossary/equity-curve","trading equity curve","proplogai-2026-10-01-drawdown","https://proplogai.com/glossary/drawdown","drawdown in prop firm","Drawdown","Related-term card.","related_definition","live_verified","audited_live_page","200","https://proplogai.com/glossary/drawdown","2026-10-09","J7 local implementation and rendered-link review; production remains unchanged. K2 live glossary crawl verified the released source page and reachable destination on 2026-10-09."
"proplogai-2026-10-06-equity-curve","https://proplogai.com/glossary/equity-curve","trading equity curve","proplogai-2026-10-06-performance-report","https://proplogai.com/glossary/performance-report","trading performance report","trading performance report","Use where 'trading performance report' is first explained or applied.","related_definition","live_verified","audited_live_page","200","https://proplogai.com/glossary/performance-report","2026-10-09","J7 local implementation and rendered-link review; production remains unchanged. K2 live glossary crawl verified the released source page and reachable destination on 2026-10-09."
"proplogai-live-glossary-expectancy","https://proplogai.com/glossary/expectancy","trading expectancy","proplogai-2026-10-05-average-win-vs-average-loss","https://proplogai.com/glossary/average-win-vs-average-loss","average win vs average loss","average win vs average loss","Use where 'average win vs average loss' is first explained or applied.","related_definition","planned","audited_live_page","200","https://proplogai.com/glossary/average-win-vs-average-loss","2026-09-24","Batch G1 portfolio architecture; confirm natural placement during the next content revision."
"proplogai-live-glossary-expectancy","https://proplogai.com/glossary/expectancy","trading expectancy","proplogai-live-glossary-win-rate","https://proplogai.com/glossary/win-rate","trading win rate","trading win rate","Use where 'trading win rate' is first explained or applied.","related_definition","planned","audited_live_page","200","https://proplogai.com/glossary/win-rate","2026-10-04","J0 live crawl found this link, but the approved draft metadata does not claim it; reconcile in a reviewed revision before changing workflow status."
"proplogai-2026-10-05-fomo","https://proplogai.com/glossary/fomo","FOMO in trading","proplogai-live-blog-tracking-trading-emotions","https://proplogai.com/blogs/tracking-trading-emotions","how to track trading emotions","how to track trading emotions","Use where 'how to track trading emotions' is first explained or applied.","glossary_to_blog","planned","audited_live_page","200","https://proplogai.com/blogs/tracking-trading-emotions","2026-09-24","Batch G1 portfolio architecture; confirm natural placement during the next content revision."
"proplogai-2026-10-05-fomo","https://proplogai.com/glossary/fomo","FOMO in trading","proplogai-live-blog-trading-psychology-prop-firm","https://proplogai.com/blogs/trading-psychology-prop-firm","trading psychology","trading psychology guide","Placed in the decision-review section as the broader psychology guide.","cluster_to_pillar","live_verified","audited_live_page","200","https://proplogai.com/blogs/trading-psychology-prop-firm","2026-10-09","J1 local build and rendered-link check passed; production remains unchanged. K2 live glossary crawl verified the released source page and reachable destination on 2026-10-09."
"proplogai-live-glossary-funded-account","https://proplogai.com/glossary/funded-account","funded trading account","proplogai-live-blog-prop-firm-challenge-readiness","https://proplogai.com/blogs/prop-firm-challenge-readiness","prop firm challenge readiness","prop firm challenge readiness","Use where 'prop firm challenge readiness' is first explained or applied.","cluster_to_pillar","planned","audited_live_page","200","https://proplogai.com/blogs/prop-firm-challenge-readiness","2026-09-24","Batch G1 portfolio architecture; confirm natural placement during the next content revision."
"proplogai-live-glossary-funded-account","https://proplogai.com/glossary/funded-account","funded trading account","proplogai-2026-09-25-prop-firm-expense-tracking-guide","https://proplogai.com/blogs/prop-firm-expense-tracking-guide","prop firm expense tracking","Track prop-firm expenses and payouts","Use where 'prop firm expense tracking' is first explained or applied.","glossary_to_blog","live_verified","audited_live_page","200","https://proplogai.com/blogs/prop-firm-expense-tracking-guide","2026-10-04","Production link verified by J0 live crawl on 2026-10-04."
"proplogai-live-glossary-loss-aversion","https://proplogai.com/glossary/loss-aversion","loss aversion in trading","proplogai-live-blog-tracking-trading-emotions","https://proplogai.com/blogs/tracking-trading-emotions","how to track trading emotions","how to track trading emotions","Use where 'how to track trading emotions' is first explained or applied.","glossary_to_blog","planned","audited_live_page","200","https://proplogai.com/blogs/tracking-trading-emotions","2026-09-24","Batch G1 portfolio architecture; confirm natural placement during the next content revision."
"proplogai-live-glossary-loss-aversion","https://proplogai.com/glossary/loss-aversion","loss aversion in trading","proplogai-live-blog-trading-psychology-prop-firm","https://proplogai.com/blogs/trading-psychology-prop-firm","trading psychology","trading psychology","Use where 'trading psychology' is first explained or applied.","cluster_to_pillar","planned","audited_live_page","200","https://proplogai.com/blogs/trading-psychology-prop-firm","2026-09-24","Batch G1 portfolio architecture; confirm natural placement during the next content revision."
"proplogai-live-glossary-overconfidence","https://proplogai.com/glossary/overconfidence","overconfidence in trading","proplogai-live-blog-tracking-trading-emotions","https://proplogai.com/blogs/tracking-trading-emotions","how to track trading emotions","how to track trading emotions","Use where 'how to track trading emotions' is first explained or applied.","glossary_to_blog","planned","audited_live_page","200","https://proplogai.com/blogs/tracking-trading-emotions","2026-09-24","Batch G1 portfolio architecture; confirm natural placement during the next content revision."
"proplogai-live-glossary-overconfidence","https://proplogai.com/glossary/overconfidence","overconfidence in trading","proplogai-live-blog-trading-psychology-prop-firm","https://proplogai.com/blogs/trading-psychology-prop-firm","trading psychology","trading psychology","Use where 'trading psychology' is first explained or applied.","cluster_to_pillar","planned","audited_live_page","200","https://proplogai.com/blogs/trading-psychology-prop-firm","2026-09-24","Batch G1 portfolio architecture; confirm natural placement during the next content revision."
"proplogai-live-glossary-pattern-recognition","https://proplogai.com/glossary/pattern-recognition","trading pattern recognition","proplogai-live-blog-ai-journal-pattern-detection","https://proplogai.com/blogs/ai-journal-pattern-detection","AI trading journal analysis","AI trading journal analysis","Use where 'AI trading journal analysis' is first explained or applied.","glossary_to_blog","planned","audited_live_page","200","https://proplogai.com/blogs/ai-journal-pattern-detection","2026-09-24","Batch G1 portfolio architecture; confirm natural placement during the next content revision."
"proplogai-live-glossary-pattern-recognition","https://proplogai.com/glossary/pattern-recognition","trading pattern recognition","proplogai-live-blog-ai-trading-coach-prop-firm","https://proplogai.com/blogs/ai-trading-coach-prop-firm","AI trading coach for prop firm traders","AI trading coach for prop firm traders","Use where 'AI trading coach for prop firm traders' is first explained or applied.","cluster_to_pillar","planned","audited_live_page","200","https://proplogai.com/blogs/ai-trading-coach-prop-firm","2026-09-24","Batch G1 portfolio architecture; confirm natural placement during the next content revision."
"proplogai-2026-10-06-performance-report","https://proplogai.com/glossary/performance-report","trading performance report","proplogai-live-blog-ai-journal-pattern-detection","https://proplogai.com/blogs/ai-journal-pattern-detection","AI trading journal analysis","AI trading journal analysis","Use where 'AI trading journal analysis' is first explained or applied.","glossary_to_blog","planned","audited_live_page","200","https://proplogai.com/blogs/ai-journal-pattern-detection","2026-09-24","Batch G1 portfolio architecture; confirm natural placement during the next content revision. J7 intentionally omitted this unverified destination."
"proplogai-2026-10-06-performance-report","https://proplogai.com/glossary/performance-report","trading performance report","proplogai-live-blog-prop-firm-pnl-calendar","https://proplogai.com/blogs/prop-firm-pnl-calendar","trading P and L calendar","trading P and L calendar","Use where 'trading P and L calendar' is first explained or applied.","glossary_to_blog","planned","audited_live_page","200","https://proplogai.com/blogs/prop-firm-pnl-calendar","2026-09-24","Batch G1 portfolio architecture; confirm natural placement during the next content revision. J7 intentionally omitted this unverified destination."
"proplogai-2026-10-05-position-sizing","https://proplogai.com/glossary/position-sizing","position sizing","proplogai-live-blog-prop-firm-risk-management","https://proplogai.com/blogs/prop-firm-risk-management","forex risk management","forex and prop-firm risk-management guide","Placed after the separate firm-limit checks as the wider workflow.","cluster_to_pillar","live_verified","audited_live_page","200","https://proplogai.com/blogs/prop-firm-risk-management","2026-10-09","J1 local build and rendered-link check passed; production remains unchanged. K2 live glossary crawl verified the released source page and reachable destination on 2026-10-09."
"proplogai-2026-10-05-position-sizing","https://proplogai.com/glossary/position-sizing","position sizing","proplogai-live-glossary-risk-per-trade","https://proplogai.com/glossary/risk-per-trade","risk per trade","risk per trade","Placed where the planned USD-loss input is defined.","related_definition","live_verified","audited_live_page","200","https://proplogai.com/glossary/risk-per-trade","2026-10-09","J1 local build and rendered-link check passed; production remains unchanged. K2 live glossary crawl verified the released source page and reachable destination on 2026-10-09."
"proplogai-live-glossary-pre-market-routine","https://proplogai.com/glossary/pre-market-routine","pre market routine","proplogai-live-blog-prop-firm-trading-rulebook","https://proplogai.com/blogs/prop-firm-trading-rulebook","trading rulebook","trading rulebook","Use where 'trading rulebook' is first explained or applied.","glossary_to_blog","planned","audited_live_page","200","https://proplogai.com/blogs/prop-firm-trading-rulebook","2026-09-24","Batch G1 portfolio architecture; confirm natural placement during the next content revision."
"proplogai-live-glossary-pre-market-routine","https://proplogai.com/glossary/pre-market-routine","pre market routine","proplogai-live-blog-trading-discipline-prop-firm","https://proplogai.com/blogs/trading-discipline-prop-firm","trading discipline","trading discipline","Use where 'trading discipline' is first explained or applied.","cluster_to_pillar","planned","audited_live_page","200","https://proplogai.com/blogs/trading-discipline-prop-firm","2026-09-24","Batch G1 portfolio architecture; confirm natural placement during the next content revision."
"proplogai-live-glossary-profit-factor","https://proplogai.com/glossary/profit-factor","profit factor","proplogai-live-glossary-expectancy","https://proplogai.com/glossary/expectancy","trading expectancy","trading expectancy","Use where 'trading expectancy' is first explained or applied.","related_definition","planned","audited_live_page","200","https://proplogai.com/glossary/expectancy","2026-10-04","J0 live crawl found this link, but the approved draft metadata does not claim it; reconcile in a reviewed revision before changing workflow status."
"proplogai-live-glossary-profit-factor","https://proplogai.com/glossary/profit-factor","profit factor","proplogai-live-glossary-win-rate","https://proplogai.com/glossary/win-rate","trading win rate","trading win rate","Use where 'trading win rate' is first explained or applied.","related_definition","planned","audited_live_page","200","https://proplogai.com/glossary/win-rate","2026-10-04","J0 live crawl found this link, but the approved draft metadata does not claim it; reconcile in a reviewed revision before changing workflow status."
"proplogai-live-glossary-profit-target","https://proplogai.com/glossary/profit-target","prop firm profit target","proplogai-live-blog-prop-firm-challenge-readiness","https://proplogai.com/blogs/prop-firm-challenge-readiness","prop firm challenge readiness","prop firm challenge readiness","Use where 'prop firm challenge readiness' is first explained or applied.","cluster_to_pillar","planned","audited_live_page","200","https://proplogai.com/blogs/prop-firm-challenge-readiness","2026-09-24","Batch G1 portfolio architecture; confirm natural placement during the next content revision."
"proplogai-live-glossary-profit-target","https://proplogai.com/glossary/profit-target","prop firm profit target","proplogai-live-glossary-prop-firm-challenge","https://proplogai.com/glossary/prop-firm-challenge","prop firm challenge","prop firm challenge","Use where 'prop firm challenge' is first explained or applied.","related_definition","planned","audited_live_page","200","https://proplogai.com/glossary/prop-firm-challenge","2026-10-04","J0 live crawl found this link, but the approved draft metadata does not claim it; reconcile in a reviewed revision before changing workflow status."
"proplogai-live-glossary-prop-firm-challenge","https://proplogai.com/glossary/prop-firm-challenge","prop firm challenge","proplogai-live-blog-forex-trading-for-beginners","https://proplogai.com/blogs/forex-trading-for-beginners","forex trading for beginners","forex trading for beginners","Use where 'forex trading for beginners' is first explained or applied.","glossary_to_blog","planned","audited_live_page","200","https://proplogai.com/blogs/forex-trading-for-beginners","2026-09-24","Batch G1 portfolio architecture; confirm natural placement during the next content revision."
"proplogai-live-glossary-prop-firm-challenge","https://proplogai.com/glossary/prop-firm-challenge","prop firm challenge","proplogai-live-blog-prop-firm-challenge-readiness","https://proplogai.com/blogs/prop-firm-challenge-readiness","prop firm challenge readiness","prop firm challenge readiness","Use where 'prop firm challenge readiness' is first explained or applied.","cluster_to_pillar","planned","audited_live_page","200","https://proplogai.com/blogs/prop-firm-challenge-readiness","2026-09-24","Batch G1 portfolio architecture; confirm natural placement during the next content revision."
"proplogai-live-glossary-risk-per-trade","https://proplogai.com/glossary/risk-per-trade","risk per trade","proplogai-live-blog-prop-firm-risk-management","https://proplogai.com/blogs/prop-firm-risk-management","forex risk management","forex risk management","Use where 'forex risk management' is first explained or applied.","cluster_to_pillar","planned","audited_live_page","200","https://proplogai.com/blogs/prop-firm-risk-management","2026-09-24","Batch G1 portfolio architecture; confirm natural placement during the next content revision."
"proplogai-live-glossary-risk-per-trade","https://proplogai.com/glossary/risk-per-trade","risk per trade","proplogai-2026-10-05-position-sizing","https://proplogai.com/glossary/position-sizing","position sizing","position sizing","Use where 'position sizing' is first explained or applied.","related_definition","planned","audited_live_page","200","https://proplogai.com/glossary/position-sizing","2026-10-04","J0 live crawl found this link, but the approved draft metadata does not claim it; reconcile in a reviewed revision before changing workflow status."
"proplogai-live-glossary-risk-reward-ratio","https://proplogai.com/glossary/risk-reward-ratio","risk reward ratio","proplogai-live-blog-prop-firm-risk-management","https://proplogai.com/blogs/prop-firm-risk-management","forex risk management","forex risk management","Use where 'forex risk management' is first explained or applied.","cluster_to_pillar","planned","audited_live_page","200","https://proplogai.com/blogs/prop-firm-risk-management","2026-09-24","Batch G1 portfolio architecture; confirm natural placement during the next content revision."
"proplogai-live-glossary-risk-reward-ratio","https://proplogai.com/glossary/risk-reward-ratio","risk reward ratio","proplogai-live-glossary-risk-per-trade","https://proplogai.com/glossary/risk-per-trade","risk per trade","risk per trade","Use where 'risk per trade' is first explained or applied.","related_definition","planned","audited_live_page","200","https://proplogai.com/glossary/risk-per-trade","2026-09-24","Batch G1 portfolio architecture; confirm natural placement during the next content revision."
"proplogai-live-glossary-rule-based-trading","https://proplogai.com/glossary/rule-based-trading","rule based trading","proplogai-live-blog-prop-firm-trading-rulebook","https://proplogai.com/blogs/prop-firm-trading-rulebook","trading rulebook","trading rulebook","Use where 'trading rulebook' is first explained or applied.","glossary_to_blog","planned","audited_live_page","200","https://proplogai.com/blogs/prop-firm-trading-rulebook","2026-09-24","Batch G1 portfolio architecture; confirm natural placement during the next content revision."
"proplogai-live-glossary-rule-based-trading","https://proplogai.com/glossary/rule-based-trading","rule based trading","proplogai-live-blog-trading-discipline-prop-firm","https://proplogai.com/blogs/trading-discipline-prop-firm","trading discipline","trading discipline","Use where 'trading discipline' is first explained or applied.","cluster_to_pillar","planned","audited_live_page","200","https://proplogai.com/blogs/trading-discipline-prop-firm","2026-09-24","Batch G1 portfolio architecture; confirm natural placement during the next content revision."
"proplogai-live-glossary-stop-loss","https://proplogai.com/glossary/stop-loss","stop loss","proplogai-live-blog-prop-firm-risk-management","https://proplogai.com/blogs/prop-firm-risk-management","forex risk management","forex risk management","Use where 'forex risk management' is first explained or applied.","cluster_to_pillar","planned","audited_live_page","200","https://proplogai.com/blogs/prop-firm-risk-management","2026-09-24","Batch G1 portfolio architecture; confirm natural placement during the next content revision."
"proplogai-live-glossary-stop-loss","https://proplogai.com/glossary/stop-loss","stop loss","proplogai-live-glossary-risk-per-trade","https://proplogai.com/glossary/risk-per-trade","risk per trade","risk per trade","Use where 'risk per trade' is first explained or applied.","related_definition","planned","audited_live_page","200","https://proplogai.com/glossary/risk-per-trade","2026-09-24","Batch G1 portfolio architecture; confirm natural placement during the next content revision."
"proplogai-live-glossary-trading-plan","https://proplogai.com/glossary/trading-plan","trading plan","proplogai-live-blog-prop-firm-trading-rulebook","https://proplogai.com/blogs/prop-firm-trading-rulebook","trading rulebook","trading rulebook","Use where 'trading rulebook' is first explained or applied.","glossary_to_blog","planned","audited_live_page","200","https://proplogai.com/blogs/prop-firm-trading-rulebook","2026-09-24","Batch G1 portfolio architecture; confirm natural placement during the next content revision."
"proplogai-live-glossary-trading-plan","https://proplogai.com/glossary/trading-plan","trading plan","proplogai-live-blog-trading-discipline-prop-firm","https://proplogai.com/blogs/trading-discipline-prop-firm","trading discipline","trading discipline","Use where 'trading discipline' is first explained or applied.","cluster_to_pillar","planned","audited_live_page","200","https://proplogai.com/blogs/trading-discipline-prop-firm","2026-09-24","Batch G1 portfolio architecture; confirm natural placement during the next content revision."
"proplogai-live-glossary-win-rate","https://proplogai.com/glossary/win-rate","trading win rate","proplogai-live-glossary-expectancy","https://proplogai.com/glossary/expectancy","trading expectancy","trading expectancy","Use where 'trading expectancy' is first explained or applied.","related_definition","planned","audited_live_page","200","https://proplogai.com/glossary/expectancy","2026-10-04","J0 live crawl found this link, but the approved draft metadata does not claim it; reconcile in a reviewed revision before changing workflow status."
"proplogai-live-glossary-win-rate","https://proplogai.com/glossary/win-rate","trading win rate","proplogai-live-glossary-profit-factor","https://proplogai.com/glossary/profit-factor","profit factor","profit factor","Use where 'profit factor' is first explained or applied.","related_definition","planned","audited_live_page","200","https://proplogai.com/glossary/profit-factor","2026-10-04","J0 live crawl found this link, but the approved draft metadata does not claim it; reconcile in a reviewed revision before changing workflow status."
"proplogai-live-blog-overtrading-prop-firm-challenges","https://proplogai.com/blogs/overtrading-prop-firm-challenges","overtrading in prop firm challenges","proplogai-live-glossary-trade-review","https://proplogai.com/glossary/trade-review","trade review","trade review","Placed in the first journal-sign section.","blog_to_glossary","live_verified","audited_live_page","200","https://proplogai.com/glossary/trade-review","2026-10-04","Production link verified by J0 live crawl on 2026-10-04."
"proplogai-live-blog-overtrading-prop-firm-challenges","https://proplogai.com/blogs/overtrading-prop-firm-challenges","overtrading in prop firm challenges","proplogai-live-glossary-revenge-trading","https://proplogai.com/glossary/revenge-trading","revenge trading","revenge trading","Placed where post-loss behaviour is distinguished from overtrading.","blog_to_glossary","live_verified","audited_live_page","200","https://proplogai.com/glossary/revenge-trading","2026-10-04","Production link verified by J0 live crawl on 2026-10-04."
"proplogai-live-blog-overtrading-prop-firm-challenges","https://proplogai.com/blogs/overtrading-prop-firm-challenges","overtrading in prop firm challenges","proplogai-2026-10-05-fomo","https://proplogai.com/glossary/fomo","FOMO in trading","FOMO","Placed where missed-move pressure is distinguished from overtrading.","blog_to_glossary","live_verified","audited_live_page","200","https://proplogai.com/glossary/fomo","2026-10-04","Production link verified by J0 live crawl on 2026-10-04."
"proplogai-live-blog-overtrading-prop-firm-challenges","https://proplogai.com/blogs/overtrading-prop-firm-challenges","overtrading in prop firm challenges","proplogai-2026-09-24-trading-journal-template","https://proplogai.com/blogs/trading-journal-template","trading journal template","trading journal template","Placed in the after-every-trade workflow.","supporting_blog","live_verified","audited_live_page","200","https://proplogai.com/blogs/trading-journal-template","2026-10-04","Production link verified by J0 live crawl on 2026-10-04."
"proplogai-live-blog-overtrading-prop-firm-challenges","https://proplogai.com/blogs/overtrading-prop-firm-challenges","overtrading in prop firm challenges","proplogai-live-glossary-prop-firm-challenge","https://proplogai.com/glossary/prop-firm-challenge","prop firm challenge","prop firm challenge","Placed at the first useful body mention and followed by a plain-English definition.","blog_to_glossary","live_verified","audited_live_page","200","https://proplogai.com/glossary/prop-firm-challenge","2026-10-04","Production link verified by J0 live crawl on 2026-10-04."
"proplogai-2026-09-25-prop-firm-expense-tracking-guide","https://proplogai.com/blogs/prop-firm-expense-tracking-guide","prop firm expense tracking","proplogai-2026-10-01-prop-firm-trading-journal","https://proplogai.com/blogs/prop-firm-trading-journal","prop firm trading journal","prop firm trading journal","Separate trade-process records from cash records.","pillar_support","live_verified","audited_live_page","200","https://proplogai.com/blogs/prop-firm-trading-journal","2026-10-04","Production link verified by J0 live crawl on 2026-10-04."
"proplogai-2026-09-25-how-emotions-affect-trading-decisions","https://proplogai.com/blogs/how-emotions-affect-trading-decisions","how emotions affect trading decisions","proplogai-2026-10-05-fomo","https://proplogai.com/glossary/fomo","fomo","FOMO","Explain the urge to chase a move.","blog_to_glossary","live_verified","audited_live_page","200","https://proplogai.com/glossary/fomo","2026-10-04","Production link verified by J0 live crawl on 2026-10-04."
"proplogai-2026-09-25-how-emotions-affect-trading-decisions","https://proplogai.com/blogs/how-emotions-affect-trading-decisions","how emotions affect trading decisions","proplogai-live-blog-overtrading-prop-firm-challenges","https://proplogai.com/blogs/overtrading-prop-firm-challenges","overtrading prop firm","overtrading in prop firm challenges","Continue from repeated unplanned entries to the overtrading review.","cluster_sibling","live_verified","audited_live_page","200","https://proplogai.com/blogs/overtrading-prop-firm-challenges","2026-10-04","Production link verified by J0 live crawl on 2026-10-04."
"proplogai-2026-09-25-daily-drawdown-calculator","https://proplogai.com/blogs/daily-drawdown-calculator","daily drawdown calculator","proplogai-live-glossary-trading-journal","https://proplogai.com/glossary/trading-journal","trading journal","trading journal","Copyable record section","workflow","live_verified","audited_live_page","200","https://proplogai.com/glossary/trading-journal","2026-10-04","Production link verified by J0 live crawl on 2026-10-04."
"proplogai-2026-09-25-daily-drawdown-calculator","https://proplogai.com/blogs/daily-drawdown-calculator","daily drawdown calculator","proplogai-live-blog-overtrading-prop-firm-challenges","https://proplogai.com/blogs/overtrading-prop-firm-challenges","overtrading in prop firm challenges","overtrading in prop firm challenges","Urge-to-recover caution","related_guide","live_verified","audited_live_page","200","https://proplogai.com/blogs/overtrading-prop-firm-challenges","2026-10-04","Production link verified by J0 live crawl on 2026-10-04."
"proplogai-live-blog-prop-firm-risk-management","https://proplogai.com/blogs/prop-firm-risk-management","forex risk management","proplogai-2026-10-08-daily-drawdown-limit","https://proplogai.com/glossary/daily-drawdown-limit","daily drawdown limit","daily drawdown limit","Risk-layer explanation","pillar_to_definition","live_verified","audited_live_page","200","https://proplogai.com/glossary/daily-drawdown-limit","2026-10-04","Production link verified by J0 live crawl on 2026-10-04."
"proplogai-live-blog-prop-firm-risk-management","https://proplogai.com/blogs/prop-firm-risk-management","forex risk management","proplogai-2026-10-08-overall-drawdown-limit","https://proplogai.com/glossary/overall-drawdown-limit","overall drawdown limit","overall drawdown limit","Risk-layer explanation","pillar_to_definition","live_verified","audited_live_page","200","https://proplogai.com/glossary/overall-drawdown-limit","2026-10-04","Production link verified by J0 live crawl on 2026-10-04."
"proplogai-live-blog-prop-firm-risk-management","https://proplogai.com/blogs/prop-firm-risk-management","forex risk management","proplogai-2026-09-25-daily-drawdown-calculator","https://proplogai.com/blogs/daily-drawdown-calculator","daily drawdown calculator","daily drawdown calculator","Risk-layer practical application","pillar_to_utility","live_verified","audited_live_page","200","https://proplogai.com/blogs/daily-drawdown-calculator","2026-10-04","Production link verified by J0 live crawl on 2026-10-04."
"proplogai-2026-09-29-prop-firm-consistency-calculator","https://proplogai.com/blogs/prop-firm-consistency-calculator","consistency rule calculator","proplogai-2026-10-08-daily-drawdown-limit","https://proplogai.com/glossary/daily-drawdown-limit","daily drawdown limit","daily drawdown limit","Calculator limitation and wider-risk check.","blog_to_glossary","live_verified","audited_live_page","200","https://proplogai.com/glossary/daily-drawdown-limit","2026-10-04","Production link verified by J0 live crawl on 2026-10-04."
"proplogai-2026-09-29-prop-firm-consistency-calculator","https://proplogai.com/blogs/prop-firm-consistency-calculator","consistency rule calculator","proplogai-2026-10-08-overall-drawdown-limit","https://proplogai.com/glossary/overall-drawdown-limit","overall drawdown limit","Overall drawdown limit","Rule-comparison table.","blog_to_glossary","live_verified","audited_live_page","200","https://proplogai.com/glossary/overall-drawdown-limit","2026-10-04","Production link verified by J0 live crawl on 2026-10-04."
"proplogai-2026-09-29-prop-firm-consistency-calculator","https://proplogai.com/blogs/prop-firm-consistency-calculator","consistency rule calculator","proplogai-live-glossary-trading-journal","https://proplogai.com/glossary/trading-journal","trading journal","trading journal","Record-the-inputs workflow.","workflow","live_verified","audited_live_page","200","https://proplogai.com/glossary/trading-journal","2026-10-04","Production link verified by J0 live crawl on 2026-10-04."
"proplogai-tool-consistency-calculator","https://proplogai.com/tools/consistency-calculator","consistency calculator","proplogai-2026-09-29-prop-firm-consistency-calculator","https://proplogai.com/blogs/prop-firm-consistency-calculator","consistency rule calculator","consistency-rule calculation guide","Explanation link below the calculation.","utility_to_guide","verified_in_draft","approved","200","https://proplogai.com/blogs/prop-firm-consistency-calculator","2026-09-29","Batch I1 local revision; do not mark live_verified until the grouped release."
"proplogai-live-blog-prop-firm-challenge-readiness","https://proplogai.com/blogs/prop-firm-challenge-readiness","prop firm challenge readiness","proplogai-2026-09-29-prop-firm-consistency-calculator","https://proplogai.com/blogs/prop-firm-consistency-calculator","consistency rule calculator","consistency rule calculator guide","Signal 6: check any firm-specific consistency condition before starting.","pillar_to_cluster_guide","live_verified","audited_live_page","200","https://proplogai.com/blogs/prop-firm-consistency-calculator","2026-10-04","Production link verified by J0 live crawl on 2026-10-04."
"proplogai-2026-10-01-prop-firm-trading-journal","https://proplogai.com/blogs/prop-firm-trading-journal","prop firm trading journal","proplogai-live-glossary-emotion-tracking","https://proplogai.com/glossary/emotion-tracking","trading emotion tracking","emotion-tracking","After-trade emotion field","blog_to_glossary","live_verified","audited_live_page","200","https://proplogai.com/glossary/emotion-tracking","2026-10-04","Production link verified by J0 live crawl on 2026-10-04."
"proplogai-2026-10-01-prop-firm-trading-journal","https://proplogai.com/blogs/prop-firm-trading-journal","prop firm trading journal","proplogai-live-blog-trading-journal-fields","https://proplogai.com/blogs/trading-journal-fields","trading journal fields","trading journal fields guide","After the minimum before-trade fields","pillar_to_cluster","live_verified","audited_live_page","200","https://proplogai.com/blogs/trading-journal-fields","2026-10-04","Production link verified by J0 live crawl on 2026-10-04."
"proplogai-2026-10-01-prop-firm-trading-journal","https://proplogai.com/blogs/prop-firm-trading-journal","prop firm trading journal","proplogai-live-blog-weekly-trading-review-template","https://proplogai.com/blogs/weekly-trading-review-template","weekly trading review template","weekly trading review template","After five weekly review questions","pillar_to_cluster","live_verified","audited_live_page","200","https://proplogai.com/blogs/weekly-trading-review-template","2026-10-04","Production link verified by J0 live crawl on 2026-10-04."
"proplogai-2026-10-01-prop-firm-trading-journal","https://proplogai.com/blogs/prop-firm-trading-journal","prop firm trading journal","proplogai-live-blog-forex-journal-funded-accounts","https://proplogai.com/blogs/forex-journal-funded-accounts","forex journal funded accounts","funded-account journal workflow","Account-rule context","pillar_to_cluster","live_verified","audited_live_page","200","https://proplogai.com/blogs/forex-journal-funded-accounts","2026-10-04","Production link verified by J0 live crawl on 2026-10-04."
"proplogai-2026-10-02-prop-firm-rules-guide","https://proplogai.com/blogs/prop-firm-rules-guide","prop firm rules","proplogai-live-glossary-prop-firm-challenge","https://proplogai.com/glossary/prop-firm-challenge","prop firm challenge","prop firm challenge","Definition in opening","pillar_to_definition","live_verified","audited_live_page","200","https://proplogai.com/glossary/prop-firm-challenge","2026-10-04","Production link verified by J0 live crawl on 2026-10-04."
"proplogai-2026-10-02-prop-firm-rules-guide","https://proplogai.com/blogs/prop-firm-rules-guide","prop firm rules","proplogai-live-glossary-funded-account","https://proplogai.com/glossary/funded-account","funded trading account","funded account","Stage comparison","pillar_to_definition","live_verified","audited_live_page","200","https://proplogai.com/glossary/funded-account","2026-10-04","Production link verified by J0 live crawl on 2026-10-04."
"proplogai-2026-10-02-prop-firm-rules-guide","https://proplogai.com/blogs/prop-firm-rules-guide","prop firm rules","proplogai-2026-10-08-daily-drawdown-limit","https://proplogai.com/glossary/daily-drawdown-limit","daily drawdown limit","daily drawdown limit","Loss-rule explanation","pillar_to_definition","live_verified","audited_live_page","200","https://proplogai.com/glossary/daily-drawdown-limit","2026-10-04","Production link verified by J0 live crawl on 2026-10-04."
"proplogai-2026-10-02-prop-firm-rules-guide","https://proplogai.com/blogs/prop-firm-rules-guide","prop firm rules","proplogai-2026-10-08-overall-drawdown-limit","https://proplogai.com/glossary/overall-drawdown-limit","overall drawdown limit","overall drawdown limit","Loss-rule explanation","pillar_to_definition","live_verified","audited_live_page","200","https://proplogai.com/glossary/overall-drawdown-limit","2026-10-04","Production link verified by J0 live crawl on 2026-10-04."
"proplogai-2026-10-02-prop-firm-rules-guide","https://proplogai.com/blogs/prop-firm-rules-guide","prop firm rules","proplogai-live-glossary-profit-target","https://proplogai.com/glossary/profit-target","prop firm profit target","profit target","Progress-condition explanation","pillar_to_definition","live_verified","audited_live_page","200","https://proplogai.com/glossary/profit-target","2026-10-04","Production link verified by J0 live crawl on 2026-10-04."
"proplogai-2026-10-02-prop-firm-rules-guide","https://proplogai.com/blogs/prop-firm-rules-guide","prop firm rules","proplogai-live-glossary-consistency-rule","https://proplogai.com/glossary/consistency-rule","prop firm consistency rule","consistency rule","Progress-condition explanation","pillar_to_definition","live_verified","audited_live_page","200","https://proplogai.com/glossary/consistency-rule","2026-10-04","Production link verified by J0 live crawl on 2026-10-04."
"proplogai-2026-10-02-prop-firm-rules-guide","https://proplogai.com/blogs/prop-firm-rules-guide","prop firm rules","proplogai-2026-10-01-drawdown","https://proplogai.com/glossary/drawdown","drawdown in prop firm","drawdown","Worked loss example","pillar_to_definition","live_verified","audited_live_page","200","https://proplogai.com/glossary/drawdown","2026-10-04","Production link verified by J0 live crawl on 2026-10-04."
"proplogai-2026-10-02-prop-firm-rules-guide","https://proplogai.com/blogs/prop-firm-rules-guide","prop firm rules","proplogai-2026-09-25-daily-drawdown-calculator","https://proplogai.com/blogs/daily-drawdown-calculator","daily drawdown calculator","daily drawdown calculator guide","Worked loss example","pillar_to_utility","live_verified","audited_live_page","200","https://proplogai.com/blogs/daily-drawdown-calculator","2026-10-04","Production link verified by J0 live crawl on 2026-10-04."
"proplogai-2026-10-02-prop-firm-rules-guide","https://proplogai.com/blogs/prop-firm-rules-guide","prop firm rules","proplogai-2026-09-29-prop-firm-consistency-calculator","https://proplogai.com/blogs/prop-firm-consistency-calculator","consistency rule calculator","consistency rule calculator guide","Best-day and best-trade explanation","pillar_to_utility","live_verified","audited_live_page","200","https://proplogai.com/blogs/prop-firm-consistency-calculator","2026-10-04","Production link verified by J0 live crawl on 2026-10-04."
"proplogai-2026-10-02-prop-firm-rules-guide","https://proplogai.com/blogs/prop-firm-rules-guide","prop firm rules","proplogai-live-blog-prop-firm-challenge-readiness","https://proplogai.com/blogs/prop-firm-challenge-readiness","prop firm challenge readiness","prop firm challenge readiness guide","After before-payment checklist","pillar_to_cluster","live_verified","audited_live_page","200","https://proplogai.com/blogs/prop-firm-challenge-readiness","2026-10-04","Production link verified by J0 live crawl on 2026-10-04."
"proplogai-2026-10-02-prop-firm-rules-guide","https://proplogai.com/blogs/prop-firm-rules-guide","prop firm rules","proplogai-live-blog-prop-firm-trading-rulebook","https://proplogai.com/blogs/prop-firm-trading-rulebook","trading rulebook","personal trading rulebook","Before-session workflow","pillar_to_cluster","live_verified","audited_live_page","200","https://proplogai.com/blogs/prop-firm-trading-rulebook","2026-10-04","Production link verified by J0 live crawl on 2026-10-04."
"proplogai-live-blog-prop-firm-challenge-readiness","https://proplogai.com/blogs/prop-firm-challenge-readiness","prop firm challenge readiness","proplogai-2026-10-02-prop-firm-rules-guide","https://proplogai.com/blogs/prop-firm-rules-guide","prop firm rules","prop firm rules guide","Signal 6 exact-program rule check","cluster_to_pillar","live_verified","audited_live_page","200","https://proplogai.com/blogs/prop-firm-rules-guide","2026-10-04","Production link verified by J0 live crawl on 2026-10-04."
"proplogai-live-blog-prop-firm-trading-rulebook","https://proplogai.com/blogs/prop-firm-trading-rulebook","trading rulebook","proplogai-2026-10-02-prop-firm-rules-guide","https://proplogai.com/blogs/prop-firm-rules-guide","prop firm rules","prop firm rules guide","Firm constraints before personal rules","cluster_to_pillar","live_verified","audited_live_page","200","https://proplogai.com/blogs/prop-firm-rules-guide","2026-10-04","Production link verified by J0 live crawl on 2026-10-04."
"proplogai-live-glossary-prop-firm-challenge","https://proplogai.com/glossary/prop-firm-challenge","prop firm challenge","proplogai-2026-10-02-prop-firm-rules-guide","https://proplogai.com/blogs/prop-firm-rules-guide","prop firm rules","Check the exact prop firm rules before you buy","Glossary guide card","cluster_to_pillar","live_verified","audited_live_page","200","https://proplogai.com/blogs/prop-firm-rules-guide","2026-10-04","Production link verified by J0 live crawl on 2026-10-04."
"proplogai-2026-10-02-prop-firm-payout-rules","https://proplogai.com/blogs/prop-firm-payout-rules","prop firm payout","proplogai-live-glossary-funded-account","https://proplogai.com/glossary/funded-account","funded trading account","funded account","Opening account-stage check","cluster_to_definition","live_verified","audited_live_page","200","https://proplogai.com/glossary/funded-account","2026-10-04","Production link verified by J0 live crawl on 2026-10-04."
"proplogai-2026-10-02-prop-firm-payout-rules","https://proplogai.com/blogs/prop-firm-payout-rules","prop firm payout","proplogai-2026-10-02-prop-firm-rules-guide","https://proplogai.com/blogs/prop-firm-rules-guide","prop firm rules","prop firm rules guide","Exact-account workflow","cluster_to_pillar","live_verified","audited_live_page","200","https://proplogai.com/blogs/prop-firm-rules-guide","2026-10-04","Production link verified by J0 live crawl on 2026-10-04."
"proplogai-2026-10-02-prop-firm-payout-rules","https://proplogai.com/blogs/prop-firm-payout-rules","prop firm payout","proplogai-live-glossary-consistency-rule","https://proplogai.com/glossary/consistency-rule","prop firm consistency rule","consistency rule","Payout condition definition","cluster_to_definition","live_verified","audited_live_page","200","https://proplogai.com/glossary/consistency-rule","2026-10-04","Production link verified by J0 live crawl on 2026-10-04."
"proplogai-2026-10-02-prop-firm-payout-rules","https://proplogai.com/blogs/prop-firm-payout-rules","prop firm payout","proplogai-2026-09-29-prop-firm-consistency-calculator","https://proplogai.com/blogs/prop-firm-consistency-calculator","consistency rule calculator","consistency calculator guide","Ratio calculation boundary","cluster_to_utility","live_verified","audited_live_page","200","https://proplogai.com/blogs/prop-firm-consistency-calculator","2026-10-04","Production link verified by J0 live crawl on 2026-10-04."
"proplogai-2026-10-02-prop-firm-payout-rules","https://proplogai.com/blogs/prop-firm-payout-rules","prop firm payout","proplogai-2026-10-08-daily-drawdown-limit","https://proplogai.com/glossary/daily-drawdown-limit","daily drawdown limit","daily drawdown limit","Post-payout account effect","cluster_to_definition","live_verified","audited_live_page","200","https://proplogai.com/glossary/daily-drawdown-limit","2026-10-04","Production link verified by J0 live crawl on 2026-10-04."
"proplogai-2026-10-02-prop-firm-payout-rules","https://proplogai.com/blogs/prop-firm-payout-rules","prop firm payout","proplogai-2026-10-08-overall-drawdown-limit","https://proplogai.com/glossary/overall-drawdown-limit","overall drawdown limit","overall drawdown limit","Post-payout account effect","cluster_to_definition","live_verified","audited_live_page","200","https://proplogai.com/glossary/overall-drawdown-limit","2026-10-04","Production link verified by J0 live crawl on 2026-10-04."
"proplogai-2026-10-02-prop-firm-payout-rules","https://proplogai.com/blogs/prop-firm-payout-rules","prop firm payout","proplogai-2026-09-25-prop-firm-expense-tracking-guide","https://proplogai.com/blogs/prop-firm-expense-tracking-guide","prop firm expense tracking","prop firm expense tracking guide","After-request record","cluster_to_pillar","live_verified","audited_live_page","200","https://proplogai.com/blogs/prop-firm-expense-tracking-guide","2026-10-04","Production link verified by J0 live crawl on 2026-10-04."
"proplogai-2026-10-02-prop-firm-payout-rules","https://proplogai.com/blogs/prop-firm-payout-rules","prop firm payout","proplogai-live-blog-prop-firm-roi-calculator","https://proplogai.com/blogs/prop-firm-roi-calculator","prop firm roi calculator","prop firm ROI","Received payout calculation","cluster_to_utility","live_verified","audited_live_page","200","https://proplogai.com/blogs/prop-firm-roi-calculator","2026-10-04","Production link verified by J0 live crawl on 2026-10-04."
"proplogai-2026-09-25-prop-firm-expense-tracking-guide","https://proplogai.com/blogs/prop-firm-expense-tracking-guide","prop firm expense tracking","proplogai-2026-10-02-prop-firm-payout-rules","https://proplogai.com/blogs/prop-firm-payout-rules","prop firm payout","prop firm payout rules checklist","Payout request FAQ","pillar_to_cluster","live_verified","audited_live_page","200","https://proplogai.com/blogs/prop-firm-payout-rules","2026-10-04","Production link verified by J0 live crawl on 2026-10-04."
"proplogai-live-blog-prop-firm-roi-calculator","https://proplogai.com/blogs/prop-firm-roi-calculator","prop firm roi calculator","proplogai-2026-10-02-prop-firm-payout-rules","https://proplogai.com/blogs/prop-firm-payout-rules","prop firm payout","prop firm payout rules guide","Payout receipt boundary","utility_to_cluster","live_verified","audited_live_page","200","https://proplogai.com/blogs/prop-firm-payout-rules","2026-10-04","Production link verified by J0 live crawl on 2026-10-04."
"proplogai-live-glossary-funded-account","https://proplogai.com/glossary/funded-account","funded trading account","proplogai-2026-10-02-prop-firm-payout-rules","https://proplogai.com/blogs/prop-firm-payout-rules","prop firm payout","check payout conditions before you request","Glossary guide card","definition_to_cluster","live_verified","audited_live_page","200","https://proplogai.com/blogs/prop-firm-payout-rules","2026-10-04","Production link verified by J0 live crawl on 2026-10-04."
"proplogai-2026-10-02-prop-firm-rules-guide","https://proplogai.com/blogs/prop-firm-rules-guide","prop firm rules","proplogai-2026-10-02-prop-firm-payout-rules","https://proplogai.com/blogs/prop-firm-payout-rules","prop firm payout","prop firm payout rules checklist","Payout stage distinction","pillar_to_cluster","live_verified","audited_live_page","200","https://proplogai.com/blogs/prop-firm-payout-rules","2026-10-04","Production link verified by J0 live crawl on 2026-10-04."
"proplogai-2026-09-29-prop-firm-consistency-calculator","https://proplogai.com/blogs/prop-firm-consistency-calculator","consistency rule calculator","proplogai-2026-10-02-prop-firm-payout-rules","https://proplogai.com/blogs/prop-firm-payout-rules","prop firm payout","prop firm payout rules checklist","Other payout conditions","utility_to_cluster","live_verified","audited_live_page","200","https://proplogai.com/blogs/prop-firm-payout-rules","2026-10-04","Production link verified by J0 live crawl on 2026-10-04."
"proplogai-2026-10-02-trading-performance-metrics","https://proplogai.com/blogs/trading-performance-metrics","trading performance metrics","proplogai-live-glossary-win-rate","https://proplogai.com/glossary/win-rate","trading win rate","win rate","Core metric definition","pillar_to_definition","live_verified","audited_live_page","200","https://proplogai.com/glossary/win-rate","2026-10-04","Production link verified by J0 live crawl on 2026-10-04."
"proplogai-2026-10-02-trading-performance-metrics","https://proplogai.com/blogs/trading-performance-metrics","trading performance metrics","proplogai-2026-10-05-average-win-vs-average-loss","https://proplogai.com/glossary/average-win-vs-average-loss","average win vs average loss","average win and average loss","Core metric definition","pillar_to_definition","live_verified","audited_live_page","200","https://proplogai.com/glossary/average-win-vs-average-loss","2026-10-04","Production link verified by J0 live crawl on 2026-10-04."
"proplogai-2026-10-02-trading-performance-metrics","https://proplogai.com/blogs/trading-performance-metrics","trading performance metrics","proplogai-live-glossary-profit-factor","https://proplogai.com/glossary/profit-factor","profit factor","profit factor","Core metric definition","pillar_to_definition","live_verified","audited_live_page","200","https://proplogai.com/glossary/profit-factor","2026-10-04","Production link verified by J0 live crawl on 2026-10-04."
"proplogai-2026-10-02-trading-performance-metrics","https://proplogai.com/blogs/trading-performance-metrics","trading performance metrics","proplogai-live-glossary-expectancy","https://proplogai.com/glossary/expectancy","trading expectancy","expectancy","Core metric definition","pillar_to_definition","live_verified","audited_live_page","200","https://proplogai.com/glossary/expectancy","2026-10-04","Production link verified by J0 live crawl on 2026-10-04."
"proplogai-2026-10-02-trading-performance-metrics","https://proplogai.com/blogs/trading-performance-metrics","trading performance metrics","proplogai-2026-10-01-drawdown","https://proplogai.com/glossary/drawdown","drawdown in prop firm","drawdown","Performance-path definition","pillar_to_definition","live_verified","audited_live_page","200","https://proplogai.com/glossary/drawdown","2026-10-04","Production link verified by J0 live crawl on 2026-10-04."
"proplogai-2026-10-02-trading-performance-metrics","https://proplogai.com/blogs/trading-performance-metrics","trading performance metrics","proplogai-2026-10-06-equity-curve","https://proplogai.com/glossary/equity-curve","trading equity curve","equity curve","Performance-path definition","pillar_to_definition","live_verified","audited_live_page","200","https://proplogai.com/glossary/equity-curve","2026-10-04","Production link verified by J0 live crawl on 2026-10-04."
"proplogai-2026-10-02-trading-performance-metrics","https://proplogai.com/blogs/trading-performance-metrics","trading performance metrics","proplogai-2026-10-06-performance-report","https://proplogai.com/glossary/performance-report","trading performance report","performance report","Related report definition","pillar_to_definition","live_verified","audited_live_page","200","https://proplogai.com/glossary/performance-report","2026-10-04","Production link verified by J0 live crawl on 2026-10-04."
"proplogai-2026-10-02-trading-performance-metrics","https://proplogai.com/blogs/trading-performance-metrics","trading performance metrics","proplogai-2026-10-05-sharpe-ratio","https://proplogai.com/glossary/sharpe-ratio","Sharpe ratio in trading","Sharpe ratio","Optional advanced metric","pillar_to_definition","live_verified","audited_live_page","200","https://proplogai.com/glossary/sharpe-ratio","2026-10-04","Production link verified by J0 live crawl on 2026-10-04."
"proplogai-2026-10-02-trading-performance-metrics","https://proplogai.com/blogs/trading-performance-metrics","trading performance metrics","proplogai-2026-09-24-trading-journal-template","https://proplogai.com/blogs/trading-journal-template","trading journal template","trading journal template","Clean-record prerequisite","pillar_to_cluster","live_verified","audited_live_page","200","https://proplogai.com/blogs/trading-journal-template","2026-10-04","Production link verified by J0 live crawl on 2026-10-04."
"proplogai-2026-10-02-trading-performance-metrics","https://proplogai.com/blogs/trading-performance-metrics","trading performance metrics","proplogai-2026-10-01-prop-firm-trading-journal","https://proplogai.com/blogs/prop-firm-trading-journal","prop firm trading journal","prop firm trading journal","Setup and session tagging","pillar_to_cluster","live_verified","audited_live_page","200","https://proplogai.com/blogs/prop-firm-trading-journal","2026-10-04","Production link verified by J0 live crawl on 2026-10-04."
"proplogai-2026-10-02-trading-performance-metrics","https://proplogai.com/blogs/trading-performance-metrics","trading performance metrics","proplogai-live-blog-weekly-trading-review-template","https://proplogai.com/blogs/weekly-trading-review-template","weekly trading review template","weekly trading review template","Review routine","pillar_to_cluster","live_verified","audited_live_page","200","https://proplogai.com/blogs/weekly-trading-review-template","2026-10-04","Production link verified by J0 live crawl on 2026-10-04."
"proplogai-2026-10-02-trading-performance-metrics","https://proplogai.com/blogs/trading-performance-metrics","trading performance metrics","proplogai-live-blog-monthly-trading-review-template","https://proplogai.com/blogs/monthly-trading-review-template","monthly trading review template","monthly trading review template","Review routine","pillar_to_cluster","live_verified","audited_live_page","200","https://proplogai.com/blogs/monthly-trading-review-template","2026-10-04","Production link verified by J0 live crawl on 2026-10-04."
"proplogai-2026-10-02-trading-performance-metrics","https://proplogai.com/blogs/trading-performance-metrics","trading performance metrics","proplogai-live-blog-prop-firm-pnl-calendar","https://proplogai.com/blogs/prop-firm-pnl-calendar","trading P and L calendar","P&L calendar","Performance-path support","pillar_to_cluster","live_verified","audited_live_page","200","https://proplogai.com/blogs/prop-firm-pnl-calendar","2026-10-04","Production link verified by J0 live crawl on 2026-10-04."
"proplogai-live-blog-weekly-trading-review-template","https://proplogai.com/blogs/weekly-trading-review-template","weekly trading review template","proplogai-2026-10-02-trading-performance-metrics","https://proplogai.com/blogs/trading-performance-metrics","trading performance metrics","trading performance metrics together","Weekly metric review","cluster_to_pillar","live_verified","audited_live_page","200","https://proplogai.com/blogs/trading-performance-metrics","2026-10-04","Production link verified by J0 live crawl on 2026-10-04."
"proplogai-live-blog-monthly-trading-review-template","https://proplogai.com/blogs/monthly-trading-review-template","monthly trading review template","proplogai-2026-10-02-trading-performance-metrics","https://proplogai.com/blogs/trading-performance-metrics","trading performance metrics","trading performance metrics guide","Monthly metric review","cluster_to_pillar","live_verified","audited_live_page","200","https://proplogai.com/blogs/trading-performance-metrics","2026-10-04","Production link verified by J0 live crawl on 2026-10-04."
"proplogai-live-blog-prop-firm-pnl-calendar","https://proplogai.com/blogs/prop-firm-pnl-calendar","trading P and L calendar","proplogai-2026-10-02-trading-performance-metrics","https://proplogai.com/blogs/trading-performance-metrics","trading performance metrics","trading performance metrics","Calendar interpretation","cluster_to_pillar","live_verified","audited_live_page","200","https://proplogai.com/blogs/trading-performance-metrics","2026-10-04","Production link verified by J0 live crawl on 2026-10-04."
"proplogai-live-glossary-win-rate","https://proplogai.com/glossary/win-rate","trading win rate","proplogai-2026-10-02-trading-performance-metrics","https://proplogai.com/blogs/trading-performance-metrics","trading performance metrics","read win rate with your other trading performance metrics","Related guide card","definition_to_pillar","live_verified","audited_live_page","200","https://proplogai.com/blogs/trading-performance-metrics","2026-10-04","Production link verified by J0 live crawl on 2026-10-04."
"proplogai-live-glossary-profit-factor","https://proplogai.com/glossary/profit-factor","profit factor","proplogai-2026-10-02-trading-performance-metrics","https://proplogai.com/blogs/trading-performance-metrics","trading performance metrics","read profit factor with your other trading performance metrics","Related guide card","definition_to_pillar","live_verified","audited_live_page","200","https://proplogai.com/blogs/trading-performance-metrics","2026-10-04","Production link verified by J0 live crawl on 2026-10-04."
"proplogai-live-glossary-expectancy","https://proplogai.com/glossary/expectancy","trading expectancy","proplogai-2026-10-02-trading-performance-metrics","https://proplogai.com/blogs/trading-performance-metrics","trading performance metrics","read expectancy with your other trading performance metrics","Related guide card","definition_to_pillar","live_verified","audited_live_page","200","https://proplogai.com/blogs/trading-performance-metrics","2026-10-04","Production link verified by J0 live crawl on 2026-10-04."
"proplogai-2026-10-06-equity-curve","https://proplogai.com/glossary/equity-curve","trading equity curve","proplogai-2026-10-02-trading-performance-metrics","https://proplogai.com/blogs/trading-performance-metrics","trading performance metrics","read the equity curve with your other trading performance metrics","Related guide card","definition_to_pillar","live_verified","audited_live_page","200","https://proplogai.com/blogs/trading-performance-metrics","2026-10-09","J7 local implementation and rendered-link review; production remains unchanged. K2 live glossary crawl verified the released source page and reachable destination on 2026-10-09."
"proplogai-2026-10-06-performance-report","https://proplogai.com/glossary/performance-report","trading performance report","proplogai-2026-10-02-trading-performance-metrics","https://proplogai.com/blogs/trading-performance-metrics","trading performance metrics","read a trading performance report metric by metric","Related guide card","definition_to_pillar","live_verified","audited_live_page","200","https://proplogai.com/blogs/trading-performance-metrics","2026-10-09","J7 local implementation and rendered-link review; production remains unchanged. K2 live glossary crawl verified the released source page and reachable destination on 2026-10-09."
"proplogai-2026-10-03-trading-expectancy-calculator","https://proplogai.com/blogs/trading-expectancy-calculator","trading expectancy calculator","proplogai-2026-10-02-trading-performance-metrics","https://proplogai.com/blogs/trading-performance-metrics","trading performance metrics","trading performance metrics guide","Wider interpretation workflow","cluster_to_pillar","live_verified","audited_live_page","200","https://proplogai.com/blogs/trading-performance-metrics","2026-10-04","Production link verified by J0 live crawl on 2026-10-04."
"proplogai-2026-10-03-trading-expectancy-calculator","https://proplogai.com/blogs/trading-expectancy-calculator","trading expectancy calculator","proplogai-live-glossary-expectancy","https://proplogai.com/glossary/expectancy","trading expectancy","expectancy","Core definition","guide_to_definition","live_verified","audited_live_page","200","https://proplogai.com/glossary/expectancy","2026-10-04","Production link verified by J0 live crawl on 2026-10-04."
"proplogai-2026-10-03-trading-expectancy-calculator","https://proplogai.com/blogs/trading-expectancy-calculator","trading expectancy calculator","proplogai-live-glossary-win-rate","https://proplogai.com/glossary/win-rate","trading win rate","win rate","Input definition","guide_to_definition","live_verified","audited_live_page","200","https://proplogai.com/glossary/win-rate","2026-10-04","Production link verified by J0 live crawl on 2026-10-04."
"proplogai-2026-10-03-trading-expectancy-calculator","https://proplogai.com/blogs/trading-expectancy-calculator","trading expectancy calculator","proplogai-2026-10-05-average-win-vs-average-loss","https://proplogai.com/glossary/average-win-vs-average-loss","average win vs average loss","average win and average loss","Input definition","guide_to_definition","live_verified","audited_live_page","200","https://proplogai.com/glossary/average-win-vs-average-loss","2026-10-04","Production link verified by J0 live crawl on 2026-10-04."
"proplogai-2026-10-03-trading-expectancy-calculator","https://proplogai.com/blogs/trading-expectancy-calculator","trading expectancy calculator","proplogai-live-glossary-profit-factor","https://proplogai.com/glossary/profit-factor","profit factor","profit factor","Secondary cross-check definition","guide_to_definition","live_verified","audited_live_page","200","https://proplogai.com/glossary/profit-factor","2026-10-04","Production link verified by J0 live crawl on 2026-10-04."
"proplogai-2026-10-03-trading-expectancy-calculator","https://proplogai.com/blogs/trading-expectancy-calculator","trading expectancy calculator","proplogai-2026-09-24-trading-journal-template","https://proplogai.com/blogs/trading-journal-template","trading journal template","trading journal template","Record-building support","cluster_to_cluster","live_verified","audited_live_page","200","https://proplogai.com/blogs/trading-journal-template","2026-10-04","Production link verified by J0 live crawl on 2026-10-04."
"proplogai-2026-10-03-trading-expectancy-calculator","https://proplogai.com/blogs/trading-expectancy-calculator","trading expectancy calculator","proplogai-2026-10-01-prop-firm-trading-journal","https://proplogai.com/blogs/prop-firm-trading-journal","prop firm trading journal","prop firm trading journal guide","Record-building support","cluster_to_cluster","live_verified","audited_live_page","200","https://proplogai.com/blogs/prop-firm-trading-journal","2026-10-04","Production link verified by J0 live crawl on 2026-10-04."
"proplogai-2026-10-03-trading-expectancy-calculator","https://proplogai.com/blogs/trading-expectancy-calculator","trading expectancy calculator","proplogai-live-blog-weekly-trading-review-template","https://proplogai.com/blogs/weekly-trading-review-template","weekly trading review template","weekly trading review template","Review workflow","cluster_to_cluster","live_verified","audited_live_page","200","https://proplogai.com/blogs/weekly-trading-review-template","2026-10-04","Production link verified by J0 live crawl on 2026-10-04."
"proplogai-2026-10-03-trading-expectancy-calculator","https://proplogai.com/blogs/trading-expectancy-calculator","trading expectancy calculator","proplogai-live-blog-monthly-trading-review-template","https://proplogai.com/blogs/monthly-trading-review-template","monthly trading review template","monthly trading review template","Review workflow","cluster_to_cluster","live_verified","audited_live_page","200","https://proplogai.com/blogs/monthly-trading-review-template","2026-10-04","Production link verified by J0 live crawl on 2026-10-04."
"proplogai-2026-10-02-trading-performance-metrics","https://proplogai.com/blogs/trading-performance-metrics","trading performance metrics","proplogai-2026-10-03-trading-expectancy-calculator","https://proplogai.com/blogs/trading-expectancy-calculator","trading expectancy calculator","trading expectancy calculator","Interactive expectancy workflow","pillar_to_cluster","planned","audited_live_page","200","https://proplogai.com/blogs/trading-expectancy-calculator","2026-10-04","J0 live crawl found this link, but the approved draft metadata does not claim it; reconcile in a reviewed revision before changing workflow status."
"proplogai-live-glossary-expectancy","https://proplogai.com/glossary/expectancy","trading expectancy","proplogai-2026-10-03-trading-expectancy-calculator","https://proplogai.com/blogs/trading-expectancy-calculator","trading expectancy calculator","trading expectancy calculator","Calculation guide","definition_to_guide","live_verified","audited_live_page","200","https://proplogai.com/blogs/trading-expectancy-calculator","2026-10-04","Production link verified by J0 live crawl on 2026-10-04."
"proplogai-2026-10-04-revenge-trading-prop-firm","https://proplogai.com/blogs/revenge-trading-prop-firm","how to stop revenge trading","proplogai-live-glossary-overtrading","https://proplogai.com/glossary/overtrading","overtrading","Overtrading","Distinguishes activity drift from recovery-driven behaviour.","blog_to_glossary","live_verified","audited_live_page","200","https://proplogai.com/glossary/overtrading","2026-10-04","Production link verified by J0 live crawl on 2026-10-04."
"proplogai-2026-10-04-revenge-trading-prop-firm","https://proplogai.com/blogs/revenge-trading-prop-firm","how to stop revenge trading","proplogai-live-glossary-emotion-tracking","https://proplogai.com/glossary/emotion-tracking","emotion tracking","emotion tracking","Introduces the short post-loss record.","blog_to_glossary","live_verified","audited_live_page","200","https://proplogai.com/glossary/emotion-tracking","2026-10-04","Production link verified by J0 live crawl on 2026-10-04."
"proplogai-2026-10-04-revenge-trading-prop-firm","https://proplogai.com/blogs/revenge-trading-prop-firm","how to stop revenge trading","proplogai-live-glossary-trading-plan","https://proplogai.com/glossary/trading-plan","trading plan","trading plan","Defines the written pre-loss reference point.","blog_to_glossary","live_verified","audited_live_page","200","https://proplogai.com/glossary/trading-plan","2026-10-04","Production link verified by J0 live crawl on 2026-10-04."
"proplogai-2026-10-04-revenge-trading-prop-firm","https://proplogai.com/blogs/revenge-trading-prop-firm","how to stop revenge trading","proplogai-live-glossary-setup-compliance","https://proplogai.com/glossary/setup-compliance","setup compliance","setup-compliance","Explains the planned-versus-changed decision check.","blog_to_glossary","live_verified","audited_live_page","200","https://proplogai.com/glossary/setup-compliance","2026-10-04","Production link verified by J0 live crawl on 2026-10-04."
"proplogai-2026-10-04-revenge-trading-prop-firm","https://proplogai.com/blogs/revenge-trading-prop-firm","how to stop revenge trading","proplogai-live-glossary-trade-review","https://proplogai.com/glossary/trade-review","trade review","trade review","Introduces the later sequence review.","blog_to_glossary","live_verified","audited_live_page","200","https://proplogai.com/glossary/trade-review","2026-10-04","Production link verified by J0 live crawl on 2026-10-04."
"proplogai-2026-10-04-revenge-trading-prop-firm","https://proplogai.com/blogs/revenge-trading-prop-firm","how to stop revenge trading","proplogai-live-blog-tracking-trading-emotions","https://proplogai.com/blogs/tracking-trading-emotions","tracking trading emotions","tracking trading emotions","Routes to the detailed emotion-recording workflow.","cluster_to_cluster","live_verified","audited_live_page","200","https://proplogai.com/blogs/tracking-trading-emotions","2026-10-04","Production link verified by J0 live crawl on 2026-10-04."
"proplogai-2026-10-04-revenge-trading-prop-firm","https://proplogai.com/blogs/revenge-trading-prop-firm","how to stop revenge trading","proplogai-live-blog-overtrading-prop-firm-challenges","https://proplogai.com/blogs/overtrading-prop-firm-challenges","overtrading in prop firm challenges","overtrading in prop firm challenges","Routes to the related process-drift guide.","cluster_to_cluster","live_verified","audited_live_page","200","https://proplogai.com/blogs/overtrading-prop-firm-challenges","2026-10-04","Production link verified by J0 live crawl on 2026-10-04."
"proplogai-2026-10-04-revenge-trading-prop-firm","https://proplogai.com/blogs/revenge-trading-prop-firm","how to stop revenge trading","proplogai-2026-09-24-trading-journal-template","https://proplogai.com/blogs/trading-journal-template","trading journal template","trading journal template","Routes to reusable fields for the post-loss record.","cluster_to_cluster","live_verified","audited_live_page","200","https://proplogai.com/blogs/trading-journal-template","2026-10-04","Production link verified by J0 live crawl on 2026-10-04."
"proplogai-2026-10-04-trading-discipline-checklist","https://proplogai.com/blogs/trading-discipline-checklist","trading discipline checklist","proplogai-live-blog-trading-discipline-prop-firm","https://proplogai.com/blogs/trading-discipline-prop-firm","trading discipline","trading discipline system","Routes to the broad discipline pillar.","cluster_to_pillar","live_verified","audited_live_page","200","https://proplogai.com/blogs/trading-discipline-prop-firm","2026-10-04","Production link verified by J0 live crawl on 2026-10-04."
"proplogai-2026-10-04-trading-discipline-checklist","https://proplogai.com/blogs/trading-discipline-checklist","trading discipline checklist","proplogai-live-blog-prop-firm-trading-rulebook","https://proplogai.com/blogs/prop-firm-trading-rulebook","trading rulebook","prop-firm trading rulebook guide","Routes to rule creation and versioning.","cluster_to_cluster","live_verified","audited_live_page","200","https://proplogai.com/blogs/prop-firm-trading-rulebook","2026-10-04","Production link verified by J0 live crawl on 2026-10-04."
"proplogai-2026-10-04-trading-discipline-checklist","https://proplogai.com/blogs/trading-discipline-checklist","trading discipline checklist","proplogai-2026-10-02-prop-firm-rules-guide","https://proplogai.com/blogs/prop-firm-rules-guide","prop firm rules","prop-firm rules guide","Explains how to identify the exact firm, program and stage.","cluster_to_pillar","live_verified","audited_live_page","200","https://proplogai.com/blogs/prop-firm-rules-guide","2026-10-04","Production link verified by J0 live crawl on 2026-10-04."
"proplogai-2026-10-04-trading-discipline-checklist","https://proplogai.com/blogs/trading-discipline-checklist","trading discipline checklist","proplogai-2026-10-04-revenge-trading-prop-firm","https://proplogai.com/blogs/revenge-trading-prop-firm","how to stop revenge trading","revenge-trading workflow","Detailed post-loss interruption workflow.","cluster_to_cluster","live_verified","audited_live_page","200","https://proplogai.com/blogs/revenge-trading-prop-firm","2026-10-04","Production link verified by J0 live crawl on 2026-10-04."
"proplogai-2026-10-04-trading-discipline-checklist","https://proplogai.com/blogs/trading-discipline-checklist","trading discipline checklist","proplogai-live-blog-overtrading-prop-firm-challenges","https://proplogai.com/blogs/overtrading-prop-firm-challenges","overtrading in prop firm challenges","overtrading guide","Explains repeated entries and process drift.","cluster_to_cluster","live_verified","audited_live_page","200","https://proplogai.com/blogs/overtrading-prop-firm-challenges","2026-10-04","Production link verified by J0 live crawl on 2026-10-04."
"proplogai-2026-10-04-trading-discipline-checklist","https://proplogai.com/blogs/trading-discipline-checklist","trading discipline checklist","proplogai-2026-09-24-trading-journal-template","https://proplogai.com/blogs/trading-journal-template","trading journal template","trading journal template","Reusable destination for the copyable checklist.","cluster_to_cluster","live_verified","audited_live_page","200","https://proplogai.com/blogs/trading-journal-template","2026-10-04","Production link verified by J0 live crawl on 2026-10-04."
"proplogai-2026-10-04-trading-discipline-checklist","https://proplogai.com/blogs/trading-discipline-checklist","trading discipline checklist","proplogai-live-glossary-trading-plan","https://proplogai.com/glossary/trading-plan","trading plan","trading plan","Defines the written source of the checklist rules.","blog_to_glossary","live_verified","audited_live_page","200","https://proplogai.com/glossary/trading-plan","2026-10-04","Production link verified by J0 live crawl on 2026-10-04."
"proplogai-2026-10-04-trading-discipline-checklist","https://proplogai.com/blogs/trading-discipline-checklist","trading discipline checklist","proplogai-live-glossary-setup-compliance","https://proplogai.com/glossary/setup-compliance","setup compliance","setup compliance","Defines comparison with prewritten setup conditions.","blog_to_glossary","live_verified","audited_live_page","200","https://proplogai.com/glossary/setup-compliance","2026-10-04","Production link verified by J0 live crawl on 2026-10-04."
"proplogai-2026-10-04-trading-discipline-checklist","https://proplogai.com/blogs/trading-discipline-checklist","trading discipline checklist","proplogai-live-glossary-rule-based-trading","https://proplogai.com/glossary/rule-based-trading","rule based trading","rule-based trading","Defines observable rule use.","blog_to_glossary","live_verified","audited_live_page","200","https://proplogai.com/glossary/rule-based-trading","2026-10-04","Production link verified by J0 live crawl on 2026-10-04."
"proplogai-2026-10-04-trading-discipline-checklist","https://proplogai.com/blogs/trading-discipline-checklist","trading discipline checklist","proplogai-live-glossary-revenge-trading","https://proplogai.com/glossary/revenge-trading","revenge trading","revenge trading","Defines recovery-driven post-loss behaviour.","blog_to_glossary","live_verified","audited_live_page","200","https://proplogai.com/glossary/revenge-trading","2026-10-04","Production link verified by J0 live crawl on 2026-10-04."
"proplogai-2026-10-04-trading-discipline-checklist","https://proplogai.com/blogs/trading-discipline-checklist","trading discipline checklist","proplogai-2026-10-05-fomo","https://proplogai.com/glossary/fomo","FOMO in trading","FOMO","Defines the jargon used in the pre-trade reason check.","blog_to_glossary","live_verified","audited_live_page","200","https://proplogai.com/glossary/fomo","2026-10-04","Production link verified by J0 live crawl on 2026-10-04."
"proplogai-live-blog-trading-discipline-prop-firm","https://proplogai.com/blogs/trading-discipline-prop-firm","trading discipline","proplogai-2026-10-04-trading-discipline-checklist","https://proplogai.com/blogs/trading-discipline-checklist","trading discipline checklist","trading discipline checklist","Natural link from the existing pre-trade checklist section.","pillar_to_cluster","planned","audited_live_page","200","https://proplogai.com/blogs/trading-discipline-checklist","2026-10-04","J0 live crawl found this link, but the approved draft metadata does not claim it; reconcile in a reviewed revision before changing workflow status."
"proplogai-live-blog-prop-firm-trading-rulebook","https://proplogai.com/blogs/prop-firm-trading-rulebook","trading rulebook","proplogai-2026-10-04-trading-discipline-checklist","https://proplogai.com/blogs/trading-discipline-checklist","trading discipline checklist","trading discipline checklist","Natural link from the rulebook quick-check section.","cluster_to_cluster","planned","audited_live_page","200","https://proplogai.com/blogs/trading-discipline-checklist","2026-10-04","J0 live crawl found this link, but the approved draft metadata does not claim it; reconcile in a reviewed revision before changing workflow status."
"proplogai-2026-10-05-fomo","https://proplogai.com/glossary/fomo","FOMO in trading","proplogai-2026-09-25-how-emotions-affect-trading-decisions","https://proplogai.com/blogs/how-emotions-affect-trading-decisions","how emotions affect trading decisions","how emotions affect trading decisions","Placed in the review section for the deeper decision-review method.","glossary_to_blog","live_verified","audited_live_page","200","https://proplogai.com/blogs/how-emotions-affect-trading-decisions","2026-10-09","J1 local build and rendered-link check passed; production remains unchanged. K2 live glossary crawl verified the released source page and reachable destination on 2026-10-09."
"proplogai-2026-10-05-fomo","https://proplogai.com/glossary/fomo","FOMO in trading","proplogai-live-glossary-revenge-trading","https://proplogai.com/glossary/revenge-trading","revenge trading","revenge trading","Placed where FOMO is distinguished from recovery-driven decisions after a loss.","related_definition","live_verified","audited_live_page","200","https://proplogai.com/glossary/revenge-trading","2026-10-09","J1 local build and rendered-link check passed; production remains unchanged. K2 live glossary crawl verified the released source page and reachable destination on 2026-10-09."
"proplogai-2026-10-05-fomo","https://proplogai.com/glossary/fomo","FOMO in trading","proplogai-live-glossary-overtrading","https://proplogai.com/glossary/overtrading","overtrading","overtrading","Placed where FOMO is distinguished from drifting away from the planned process.","related_definition","live_verified","audited_live_page","200","https://proplogai.com/glossary/overtrading","2026-10-09","J1 local build and rendered-link check passed; production remains unchanged. K2 live glossary crawl verified the released source page and reachable destination on 2026-10-09."
"proplogai-2026-10-05-position-sizing","https://proplogai.com/glossary/position-sizing","position sizing","proplogai-live-glossary-stop-loss","https://proplogai.com/glossary/stop-loss","stop loss","stop loss","Placed in the definition where the planned exit level becomes a sizing input.","related_definition","live_verified","audited_live_page","200","https://proplogai.com/glossary/stop-loss","2026-10-09","J1 local build and rendered-link check passed; production remains unchanged. K2 live glossary crawl verified the released source page and reachable destination on 2026-10-09."
"proplogai-2026-10-05-position-sizing","https://proplogai.com/glossary/position-sizing","position sizing","proplogai-2026-10-08-daily-drawdown-limit","https://proplogai.com/glossary/daily-drawdown-limit","daily drawdown limit","daily drawdown limit","Placed in the separate prop-firm rule checks after the size calculation.","related_definition","live_verified","audited_live_page","200","https://proplogai.com/glossary/daily-drawdown-limit","2026-10-09","J1 local build and rendered-link check passed; production remains unchanged. K2 live glossary crawl verified the released source page and reachable destination on 2026-10-09."
"proplogai-2026-10-05-position-sizing","https://proplogai.com/glossary/position-sizing","position sizing","proplogai-2026-10-08-overall-drawdown-limit","https://proplogai.com/glossary/overall-drawdown-limit","overall drawdown limit","overall drawdown limit","Placed in the separate prop-firm rule checks after the size calculation.","related_definition","live_verified","audited_live_page","200","https://proplogai.com/glossary/overall-drawdown-limit","2026-10-09","J1 local build and rendered-link check passed; production remains unchanged. K2 live glossary crawl verified the released source page and reachable destination on 2026-10-09."
"proplogai-2026-10-05-risk-reward-ratio","https://proplogai.com/glossary/risk-reward-ratio","risk reward ratio","proplogai-2026-10-05-stop-loss","https://proplogai.com/glossary/stop-loss","stop loss","stop loss","Defines the planned-risk exit input.","related_definition","live_verified","audited_live_page","200","https://proplogai.com/glossary/stop-loss","2026-10-09","J2 local build and rendered-link verification; production remains unchanged. K2 live glossary crawl verified the released source page and reachable destination on 2026-10-09."
"proplogai-2026-10-05-risk-reward-ratio","https://proplogai.com/glossary/risk-reward-ratio","risk reward ratio","proplogai-2026-10-05-position-sizing","https://proplogai.com/glossary/position-sizing","position sizing","position size","Connects planned USD risk with trade size.","related_definition","live_verified","audited_live_page","200","https://proplogai.com/glossary/position-sizing","2026-10-09","J2 local build and rendered-link verification; production remains unchanged. K2 live glossary crawl verified the released source page and reachable destination on 2026-10-09."
"proplogai-2026-10-05-risk-reward-ratio","https://proplogai.com/glossary/risk-reward-ratio","risk reward ratio","proplogai-live-glossary-win-rate","https://proplogai.com/glossary/win-rate","trading win rate","win rate","Explains the simplified breakeven arithmetic.","related_definition","live_verified","audited_live_page","200","https://proplogai.com/glossary/win-rate","2026-10-09","J2 local build and rendered-link verification; production remains unchanged. K2 live glossary crawl verified the released source page and reachable destination on 2026-10-09."
"proplogai-2026-10-05-risk-reward-ratio","https://proplogai.com/glossary/risk-reward-ratio","risk reward ratio","proplogai-live-glossary-expectancy","https://proplogai.com/glossary/expectancy","trading expectancy","expectancy","Separates one planned ratio from longer-run average outcome.","related_definition","live_verified","audited_live_page","200","https://proplogai.com/glossary/expectancy","2026-10-09","J2 local build and rendered-link verification; production remains unchanged. K2 live glossary crawl verified the released source page and reachable destination on 2026-10-09."
"proplogai-2026-10-05-risk-reward-ratio","https://proplogai.com/glossary/risk-reward-ratio","risk reward ratio","proplogai-live-blog-prop-firm-risk-management","https://proplogai.com/blogs/prop-firm-risk-management","forex risk management","forex and prop-firm risk-management guide","Moves the reader to the full workflow.","cluster_to_pillar","live_verified","audited_live_page","200","https://proplogai.com/blogs/prop-firm-risk-management","2026-10-09","J2 local build and rendered-link verification; production remains unchanged. K2 live glossary crawl verified the released source page and reachable destination on 2026-10-09."
"proplogai-2026-10-05-stop-loss","https://proplogai.com/glossary/stop-loss","stop loss","proplogai-2026-10-05-position-sizing","https://proplogai.com/glossary/position-sizing","position sizing","position size","Shows how size and stop distance determine estimated loss.","related_definition","live_verified","audited_live_page","200","https://proplogai.com/glossary/position-sizing","2026-10-09","J2 local build and rendered-link verification; production remains unchanged. K2 live glossary crawl verified the released source page and reachable destination on 2026-10-09."
"proplogai-2026-10-05-stop-loss","https://proplogai.com/glossary/stop-loss","stop loss","proplogai-live-glossary-risk-per-trade","https://proplogai.com/glossary/risk-per-trade","risk per trade","planned loss","Defines the planned-loss input.","related_definition","live_verified","audited_live_page","200","https://proplogai.com/glossary/risk-per-trade","2026-10-09","J2 local build and rendered-link verification; production remains unchanged. K2 live glossary crawl verified the released source page and reachable destination on 2026-10-09."
"proplogai-2026-10-05-stop-loss","https://proplogai.com/glossary/stop-loss","stop loss","proplogai-2026-10-05-risk-reward-ratio","https://proplogai.com/glossary/risk-reward-ratio","risk reward ratio","risk-reward ratio","Connects the stop with the risk side of the ratio.","related_definition","live_verified","audited_live_page","200","https://proplogai.com/glossary/risk-reward-ratio","2026-10-09","J2 local build and rendered-link verification; production remains unchanged. K2 live glossary crawl verified the released source page and reachable destination on 2026-10-09."
"proplogai-2026-10-05-stop-loss","https://proplogai.com/glossary/stop-loss","stop loss","proplogai-2026-10-08-daily-drawdown-limit","https://proplogai.com/glossary/daily-drawdown-limit","daily drawdown limit","daily drawdown limit","Keeps the account rule as a separate check.","related_definition","live_verified","audited_live_page","200","https://proplogai.com/glossary/daily-drawdown-limit","2026-10-09","J2 local build and rendered-link verification; production remains unchanged. K2 live glossary crawl verified the released source page and reachable destination on 2026-10-09."
"proplogai-2026-10-05-stop-loss","https://proplogai.com/glossary/stop-loss","stop loss","proplogai-2026-10-08-overall-drawdown-limit","https://proplogai.com/glossary/overall-drawdown-limit","overall drawdown limit","overall drawdown limit","Keeps the account rule as a separate check.","related_definition","live_verified","audited_live_page","200","https://proplogai.com/glossary/overall-drawdown-limit","2026-10-09","J2 local build and rendered-link verification; production remains unchanged. K2 live glossary crawl verified the released source page and reachable destination on 2026-10-09."
"proplogai-2026-10-05-stop-loss","https://proplogai.com/glossary/stop-loss","stop loss","proplogai-live-blog-prop-firm-risk-management","https://proplogai.com/blogs/prop-firm-risk-management","forex risk management","forex and prop-firm risk-management guide","Moves the reader to the full workflow.","cluster_to_pillar","live_verified","audited_live_page","200","https://proplogai.com/blogs/prop-firm-risk-management","2026-10-09","J2 local build and rendered-link verification; production remains unchanged. K2 live glossary crawl verified the released source page and reachable destination on 2026-10-09."
"proplogai-2026-10-05-win-rate","https://proplogai.com/glossary/win-rate","trading win rate","proplogai-2026-10-05-average-win-vs-average-loss","https://proplogai.com/glossary/average-win-vs-average-loss","average win vs average loss","average win and average loss","Shows why outcome size matters.","related_definition","live_verified","audited_live_page","200","https://proplogai.com/glossary/average-win-vs-average-loss","2026-10-09","J3 local build and rendered-link verification; production remains unchanged. K2 live glossary crawl verified the released source page and reachable destination on 2026-10-09."
"proplogai-2026-10-05-win-rate","https://proplogai.com/glossary/win-rate","trading win rate","proplogai-2026-10-05-profit-factor","https://proplogai.com/glossary/profit-factor","profit factor","profit factor","Connects frequency with total outcome size.","related_definition","live_verified","audited_live_page","200","https://proplogai.com/glossary/profit-factor","2026-10-09","J3 local build and rendered-link verification; production remains unchanged. K2 live glossary crawl verified the released source page and reachable destination on 2026-10-09."
"proplogai-2026-10-05-win-rate","https://proplogai.com/glossary/win-rate","trading win rate","proplogai-live-glossary-expectancy","https://proplogai.com/glossary/expectancy","trading expectancy","expectancy","Connects win frequency with average outcome.","related_definition","live_verified","audited_live_page","200","https://proplogai.com/glossary/expectancy","2026-10-09","J3 local build and rendered-link verification; production remains unchanged. K2 live glossary crawl verified the released source page and reachable destination on 2026-10-09."
"proplogai-2026-10-05-win-rate","https://proplogai.com/glossary/win-rate","trading win rate","proplogai-2026-10-02-trading-performance-metrics","https://proplogai.com/blogs/trading-performance-metrics","trading performance metrics","trading performance metrics guide","Moves the reader to the full same-sample walkthrough.","definition_to_pillar","live_verified","audited_live_page","200","https://proplogai.com/blogs/trading-performance-metrics","2026-10-09","J3 local build and rendered-link verification; production remains unchanged. K2 live glossary crawl verified the released source page and reachable destination on 2026-10-09."
"proplogai-2026-10-05-profit-factor","https://proplogai.com/glossary/profit-factor","profit factor","proplogai-2026-10-05-win-rate","https://proplogai.com/glossary/win-rate","trading win rate","win-rate","Connects the same sample's frequency and size summaries.","related_definition","live_verified","audited_live_page","200","https://proplogai.com/glossary/win-rate","2026-10-09","J3 local build and rendered-link verification; production remains unchanged. K2 live glossary crawl verified the released source page and reachable destination on 2026-10-09."
"proplogai-2026-10-05-profit-factor","https://proplogai.com/glossary/profit-factor","profit factor","proplogai-live-glossary-expectancy","https://proplogai.com/glossary/expectancy","trading expectancy","expectancy","Adds the average result per trade.","related_definition","live_verified","audited_live_page","200","https://proplogai.com/glossary/expectancy","2026-10-09","J3 local build and rendered-link verification; production remains unchanged. K2 live glossary crawl verified the released source page and reachable destination on 2026-10-09."
"proplogai-2026-10-05-profit-factor","https://proplogai.com/glossary/profit-factor","profit factor","proplogai-2026-10-01-drawdown","https://proplogai.com/glossary/drawdown","drawdown in prop firm","drawdown","Shows the path risk hidden by the ratio.","related_definition","live_verified","audited_live_page","200","https://proplogai.com/glossary/drawdown","2026-10-09","J3 local build and rendered-link verification; production remains unchanged. K2 live glossary crawl verified the released source page and reachable destination on 2026-10-09."
"proplogai-2026-10-05-profit-factor","https://proplogai.com/glossary/profit-factor","profit factor","proplogai-2026-10-02-trading-performance-metrics","https://proplogai.com/blogs/trading-performance-metrics","trading performance metrics","trading performance metrics guide","Moves the reader to the full same-sample walkthrough.","definition_to_pillar","live_verified","audited_live_page","200","https://proplogai.com/blogs/trading-performance-metrics","2026-10-09","J3 local build and rendered-link verification; production remains unchanged. K2 live glossary crawl verified the released source page and reachable destination on 2026-10-09."
"proplogai-2026-10-05-loss-aversion","https://proplogai.com/glossary/loss-aversion","loss aversion in trading","proplogai-live-glossary-risk-per-trade","https://proplogai.com/glossary/risk-per-trade","risk per trade","planned USD risk","Connects the example to predefined exposure.","related_definition","live_verified","audited_live_page","200","https://proplogai.com/glossary/risk-per-trade","2026-10-09","J4 local implementation and link review; production remains unchanged. K2 live glossary crawl verified the released source page and reachable destination on 2026-10-09."
"proplogai-2026-10-05-loss-aversion","https://proplogai.com/glossary/loss-aversion","loss aversion in trading","proplogai-2026-10-05-stop-loss","https://proplogai.com/glossary/stop-loss","stop loss","stop loss","Separates a written exit rule from emotion.","related_definition","live_verified","audited_live_page","200","https://proplogai.com/glossary/stop-loss","2026-10-09","J4 local implementation and link review; production remains unchanged. K2 live glossary crawl verified the released source page and reachable destination on 2026-10-09."
"proplogai-2026-10-05-loss-aversion","https://proplogai.com/glossary/loss-aversion","loss aversion in trading","proplogai-2026-09-25-how-emotions-affect-trading-decisions","https://proplogai.com/blogs/how-emotions-affect-trading-decisions","how emotions affect trading decisions","guide to emotions and trading decisions","Moves the reader to the practical review workflow.","definition_to_guide","live_verified","audited_live_page","200","https://proplogai.com/blogs/how-emotions-affect-trading-decisions","2026-10-09","J4 local implementation and link review; production remains unchanged. K2 live glossary crawl verified the released source page and reachable destination on 2026-10-09."
"proplogai-2026-10-05-loss-aversion","https://proplogai.com/glossary/loss-aversion","loss aversion in trading","proplogai-live-blog-trading-psychology-prop-firm","https://proplogai.com/blogs/trading-psychology-prop-firm","trading psychology","trading psychology guide","Moves the reader to the broader psychology pillar.","definition_to_pillar","live_verified","audited_live_page","200","https://proplogai.com/blogs/trading-psychology-prop-firm","2026-10-09","J4 local implementation and link review; production remains unchanged. K2 live glossary crawl verified the released source page and reachable destination on 2026-10-09."
"proplogai-2026-10-05-profit-target","https://proplogai.com/glossary/profit-target","prop firm profit target","proplogai-live-glossary-prop-firm-challenge","https://proplogai.com/glossary/prop-firm-challenge","prop firm challenge","prop firm challenge","Defines the evaluation stage.","related_definition","live_verified","audited_live_page","200","https://proplogai.com/glossary/prop-firm-challenge","2026-10-09","J4 local implementation and link review; production remains unchanged. K2 live glossary crawl verified the released source page and reachable destination on 2026-10-09."
"proplogai-2026-10-05-profit-target","https://proplogai.com/glossary/profit-target","prop firm profit target","proplogai-2026-10-08-daily-drawdown-limit","https://proplogai.com/glossary/daily-drawdown-limit","daily drawdown limit","daily drawdown limit","Names a separate phase condition.","related_definition","live_verified","audited_live_page","200","https://proplogai.com/glossary/daily-drawdown-limit","2026-10-09","J4 local implementation and link review; production remains unchanged. K2 live glossary crawl verified the released source page and reachable destination on 2026-10-09."
"proplogai-2026-10-05-profit-target","https://proplogai.com/glossary/profit-target","prop firm profit target","proplogai-2026-10-08-overall-drawdown-limit","https://proplogai.com/glossary/overall-drawdown-limit","overall drawdown limit","overall drawdown limit","Names a separate phase condition.","related_definition","live_verified","audited_live_page","200","https://proplogai.com/glossary/overall-drawdown-limit","2026-10-09","J4 local implementation and link review; production remains unchanged. K2 live glossary crawl verified the released source page and reachable destination on 2026-10-09."
"proplogai-2026-10-05-profit-target","https://proplogai.com/glossary/profit-target","prop firm profit target","proplogai-live-glossary-consistency-rule","https://proplogai.com/glossary/consistency-rule","prop firm consistency rule","consistency rule","Names a separate program condition.","related_definition","live_verified","audited_live_page","200","https://proplogai.com/glossary/consistency-rule","2026-10-09","J4 local implementation and link review; production remains unchanged. K2 live glossary crawl verified the released source page and reachable destination on 2026-10-09."
"proplogai-2026-10-05-profit-target","https://proplogai.com/glossary/profit-target","prop firm profit target","proplogai-live-glossary-funded-account","https://proplogai.com/glossary/funded-account","funded trading account","funded account","Explains that later-stage objectives may differ.","related_definition","live_verified","audited_live_page","200","https://proplogai.com/glossary/funded-account","2026-10-09","J4 local implementation and link review; production remains unchanged. K2 live glossary crawl verified the released source page and reachable destination on 2026-10-09."
"proplogai-2026-10-05-profit-target","https://proplogai.com/glossary/profit-target","prop firm profit target","proplogai-2026-10-02-prop-firm-rules-guide","https://proplogai.com/blogs/prop-firm-rules-guide","prop firm rules","prop-firm rules guide","Moves the reader to the complete rule-check workflow.","definition_to_pillar","live_verified","audited_live_page","200","https://proplogai.com/blogs/prop-firm-rules-guide","2026-10-09","J4 local implementation and link review; production remains unchanged. K2 live glossary crawl verified the released source page and reachable destination on 2026-10-09."
"proplogai-2026-10-05-risk-per-trade","https://proplogai.com/glossary/risk-per-trade","risk per trade","proplogai-2026-10-05-stop-loss","https://proplogai.com/glossary/stop-loss","stop loss","stop-loss definition","Separates planned risk from trigger and fill mechanics.","related_definition","live_verified","audited_live_page","200","https://proplogai.com/glossary/stop-loss","2026-10-09","J5 local implementation and link review; production remains unchanged. K2 live glossary crawl verified the released source page and reachable destination on 2026-10-09."
"proplogai-2026-10-05-risk-per-trade","https://proplogai.com/glossary/risk-per-trade","risk per trade","proplogai-2026-10-05-position-sizing","https://proplogai.com/glossary/position-sizing","position sizing","position-sizing calculation","Connects planned USD loss with lot size.","related_definition","live_verified","audited_live_page","200","https://proplogai.com/glossary/position-sizing","2026-10-09","J5 local implementation and link review; production remains unchanged. K2 live glossary crawl verified the released source page and reachable destination on 2026-10-09."
"proplogai-2026-10-05-risk-per-trade","https://proplogai.com/glossary/risk-per-trade","risk per trade","proplogai-2026-10-08-daily-drawdown-limit","https://proplogai.com/glossary/daily-drawdown-limit","daily drawdown limit","daily drawdown limit","Separates one-trade planning from the account-level daily rule.","related_definition","live_verified","audited_live_page","200","https://proplogai.com/glossary/daily-drawdown-limit","2026-10-09","J5 local implementation and link review; production remains unchanged. K2 live glossary crawl verified the released source page and reachable destination on 2026-10-09."
"proplogai-2026-10-05-risk-per-trade","https://proplogai.com/glossary/risk-per-trade","risk per trade","proplogai-2026-10-08-overall-drawdown-limit","https://proplogai.com/glossary/overall-drawdown-limit","overall drawdown limit","overall drawdown limit","Separates one-trade planning from the account-level overall rule.","related_definition","live_verified","audited_live_page","200","https://proplogai.com/glossary/overall-drawdown-limit","2026-10-09","J5 local implementation and link review; production remains unchanged. K2 live glossary crawl verified the released source page and reachable destination on 2026-10-09."
"proplogai-2026-10-05-risk-per-trade","https://proplogai.com/glossary/risk-per-trade","risk per trade","proplogai-live-blog-prop-firm-risk-management","https://proplogai.com/blogs/prop-firm-risk-management","forex risk management","prop-firm risk-management guide","Moves the reader to the wider workflow.","definition_to_pillar","live_verified","audited_live_page","200","https://proplogai.com/blogs/prop-firm-risk-management","2026-10-09","J5 local implementation and link review; production remains unchanged. K2 live glossary crawl verified the released source page and reachable destination on 2026-10-09."
"proplogai-2026-10-05-expectancy","https://proplogai.com/glossary/expectancy","trading expectancy","proplogai-2026-10-05-win-rate","https://proplogai.com/glossary/win-rate","trading win rate","win-rate","Connects the first weighted-formula input.","related_definition","live_verified","audited_live_page","200","https://proplogai.com/glossary/win-rate","2026-10-09","J5 local implementation and link review; production remains unchanged. K2 live glossary crawl verified the released source page and reachable destination on 2026-10-09."
"proplogai-2026-10-05-expectancy","https://proplogai.com/glossary/expectancy","trading expectancy","proplogai-2026-10-05-profit-factor","https://proplogai.com/glossary/profit-factor","profit factor","profit-factor","Distinguishes a ratio of totals from the average per trade.","related_definition","live_verified","audited_live_page","200","https://proplogai.com/glossary/profit-factor","2026-10-09","J5 local implementation and link review; production remains unchanged. K2 live glossary crawl verified the released source page and reachable destination on 2026-10-09."
"proplogai-2026-10-05-expectancy","https://proplogai.com/glossary/expectancy","trading expectancy","proplogai-2026-10-05-average-win-vs-average-loss","https://proplogai.com/glossary/average-win-vs-average-loss","average win vs average loss","average win and average loss","Defines the weighted-formula outcome-size inputs.","related_definition","live_verified","audited_live_page","200","https://proplogai.com/glossary/average-win-vs-average-loss","2026-10-09","J5 local implementation and link review; production remains unchanged. K2 live glossary crawl verified the released source page and reachable destination on 2026-10-09."
"proplogai-2026-10-05-expectancy","https://proplogai.com/glossary/expectancy","trading expectancy","proplogai-2026-10-03-trading-expectancy-calculator","https://proplogai.com/blogs/trading-expectancy-calculator","trading expectancy calculator","trading expectancy calculator","Moves the reader to user-entered calculation.","definition_to_utility","live_verified","audited_live_page","200","https://proplogai.com/blogs/trading-expectancy-calculator","2026-10-09","J5 local implementation and link review; production remains unchanged. K2 live glossary crawl verified the released source page and reachable destination on 2026-10-09."
"proplogai-2026-10-05-expectancy","https://proplogai.com/glossary/expectancy","trading expectancy","proplogai-2026-10-02-trading-performance-metrics","https://proplogai.com/blogs/trading-performance-metrics","trading performance metrics","trading performance metrics guide","Moves the reader to the full same-sample workflow.","definition_to_pillar","live_verified","audited_live_page","200","https://proplogai.com/blogs/trading-performance-metrics","2026-10-09","J5 local implementation and link review; production remains unchanged. K2 live glossary crawl verified the released source page and reachable destination on 2026-10-09."
"proplogai-2026-10-05-average-win-vs-average-loss","https://proplogai.com/glossary/average-win-vs-average-loss","average win vs average loss","proplogai-2026-10-05-win-rate","https://proplogai.com/glossary/win-rate","trading win rate","win rate","Shows why outcome frequency must be read with outcome size.","related_definition","live_verified","audited_live_page","200","https://proplogai.com/glossary/win-rate","2026-10-09","J6 local implementation and rendered-link review; production remains unchanged. K2 live glossary crawl verified the released source page and reachable destination on 2026-10-09."
"proplogai-2026-10-05-average-win-vs-average-loss","https://proplogai.com/glossary/average-win-vs-average-loss","average win vs average loss","proplogai-2026-10-05-expectancy","https://proplogai.com/glossary/expectancy","trading expectancy","expectancy","Combines frequency and average outcome size.","related_definition","live_verified","audited_live_page","200","https://proplogai.com/glossary/expectancy","2026-10-09","J6 local implementation and rendered-link review; production remains unchanged. K2 live glossary crawl verified the released source page and reachable destination on 2026-10-09."
"proplogai-2026-10-05-average-win-vs-average-loss","https://proplogai.com/glossary/average-win-vs-average-loss","average win vs average loss","proplogai-2026-10-05-profit-factor","https://proplogai.com/glossary/profit-factor","profit factor","profit factor","Connects averages with the gross winning and losing totals.","related_definition","live_verified","audited_live_page","200","https://proplogai.com/glossary/profit-factor","2026-10-09","J6 local implementation and rendered-link review; production remains unchanged. K2 live glossary crawl verified the released source page and reachable destination on 2026-10-09."
"proplogai-2026-10-05-average-win-vs-average-loss","https://proplogai.com/glossary/average-win-vs-average-loss","average win vs average loss","proplogai-2026-10-05-risk-reward-ratio","https://proplogai.com/glossary/risk-reward-ratio","risk reward ratio","planned risk-reward ratio","Separates planned trade inputs from realised sample averages.","related_definition","live_verified","audited_live_page","200","https://proplogai.com/glossary/risk-reward-ratio","2026-10-09","J6 local implementation and rendered-link review; production remains unchanged. K2 live glossary crawl verified the released source page and reachable destination on 2026-10-09."
"proplogai-2026-10-05-average-win-vs-average-loss","https://proplogai.com/glossary/average-win-vs-average-loss","average win vs average loss","proplogai-2026-10-03-trading-expectancy-calculator","https://proplogai.com/blogs/trading-expectancy-calculator","trading expectancy calculator","trading expectancy calculator","Lets the reader use their own counts and averages.","definition_to_guide","live_verified","audited_live_page","200","https://proplogai.com/blogs/trading-expectancy-calculator","2026-10-09","J6 local implementation and rendered-link review; production remains unchanged. K2 live glossary crawl verified the released source page and reachable destination on 2026-10-09."
"proplogai-2026-10-05-average-win-vs-average-loss","https://proplogai.com/glossary/average-win-vs-average-loss","average win vs average loss","proplogai-2026-10-02-trading-performance-metrics","https://proplogai.com/blogs/trading-performance-metrics","trading performance metrics","trading performance metrics guide","Places the two averages in the full metric sequence.","definition_to_pillar","live_verified","audited_live_page","200","https://proplogai.com/blogs/trading-performance-metrics","2026-10-09","J6 local implementation and rendered-link review; production remains unchanged. K2 live glossary crawl verified the released source page and reachable destination on 2026-10-09."
"proplogai-2026-10-05-sharpe-ratio","https://proplogai.com/glossary/sharpe-ratio","sharpe ratio in trading","proplogai-live-glossary-consistency-rule","https://proplogai.com/glossary/consistency-rule","prop firm consistency rule","prop-firm consistency rule","Separates the Sharpe ratio from firm-specific consistency formulas.","related_definition","live_verified","audited_live_page","200","https://proplogai.com/glossary/consistency-rule","2026-10-09","J6 local implementation and rendered-link review; production remains unchanged. K2 live glossary crawl verified the released source page and reachable destination on 2026-10-09."
"proplogai-2026-10-05-sharpe-ratio","https://proplogai.com/glossary/sharpe-ratio","sharpe ratio in trading","proplogai-2026-10-06-equity-curve","https://proplogai.com/glossary/equity-curve","trading equity curve","equity curve","Shows the cumulative result path that Sharpe does not show alone.","related_definition","live_verified","audited_live_page","200","https://proplogai.com/glossary/equity-curve","2026-10-09","J6 local implementation and rendered-link review; production remains unchanged. K2 live glossary crawl verified the released source page and reachable destination on 2026-10-09."
"proplogai-2026-10-05-sharpe-ratio","https://proplogai.com/glossary/sharpe-ratio","sharpe ratio in trading","proplogai-2026-10-01-drawdown","https://proplogai.com/glossary/drawdown","drawdown in prop firm","drawdown","Shows peak-to-later-value decline that Sharpe does not show alone.","related_definition","live_verified","audited_live_page","200","https://proplogai.com/glossary/drawdown","2026-10-09","J6 local implementation and rendered-link review; production remains unchanged. K2 live glossary crawl verified the released source page and reachable destination on 2026-10-09."
"proplogai-2026-10-05-sharpe-ratio","https://proplogai.com/glossary/sharpe-ratio","sharpe ratio in trading","proplogai-2026-10-05-win-rate","https://proplogai.com/glossary/win-rate","trading win rate","win rate","Places Sharpe after the simpler frequency metric.","related_definition","live_verified","audited_live_page","200","https://proplogai.com/glossary/win-rate","2026-10-09","J6 local implementation and rendered-link review; production remains unchanged. K2 live glossary crawl verified the released source page and reachable destination on 2026-10-09."
"proplogai-2026-10-05-sharpe-ratio","https://proplogai.com/glossary/sharpe-ratio","sharpe ratio in trading","proplogai-2026-10-05-average-win-vs-average-loss","https://proplogai.com/glossary/average-win-vs-average-loss","average win vs average loss","average win and average loss","Places Sharpe after the simpler outcome-size metrics.","related_definition","live_verified","audited_live_page","200","https://proplogai.com/glossary/average-win-vs-average-loss","2026-10-09","J6 local implementation and rendered-link review; production remains unchanged. K2 live glossary crawl verified the released source page and reachable destination on 2026-10-09."
"proplogai-2026-10-05-sharpe-ratio","https://proplogai.com/glossary/sharpe-ratio","sharpe ratio in trading","proplogai-2026-10-05-expectancy","https://proplogai.com/glossary/expectancy","trading expectancy","expectancy","Places Sharpe after the average-result metric.","related_definition","live_verified","audited_live_page","200","https://proplogai.com/glossary/expectancy","2026-10-09","J6 local implementation and rendered-link review; production remains unchanged. K2 live glossary crawl verified the released source page and reachable destination on 2026-10-09."
"proplogai-2026-10-05-sharpe-ratio","https://proplogai.com/glossary/sharpe-ratio","sharpe ratio in trading","proplogai-2026-10-02-trading-performance-metrics","https://proplogai.com/blogs/trading-performance-metrics","trading performance metrics","trading performance metrics guide","Provides the beginner reading order before the advanced metric.","definition_to_pillar","live_verified","audited_live_page","200","https://proplogai.com/blogs/trading-performance-metrics","2026-10-09","J6 local implementation and rendered-link review; production remains unchanged. K2 live glossary crawl verified the released source page and reachable destination on 2026-10-09."
"proplogai-2026-10-06-equity-curve","https://proplogai.com/glossary/equity-curve","trading equity curve","proplogai-2026-10-05-expectancy","https://proplogai.com/glossary/expectancy","trading expectancy","expectancy","Adds the average result per trade.","related_definition","live_verified","audited_live_page","200","https://proplogai.com/glossary/expectancy","2026-10-09","J7 local implementation and rendered-link review; production remains unchanged. K2 live glossary crawl verified the released source page and reachable destination on 2026-10-09."
"proplogai-2026-10-06-equity-curve","https://proplogai.com/glossary/equity-curve","trading equity curve","proplogai-2026-10-05-profit-factor","https://proplogai.com/glossary/profit-factor","profit factor","profit factor","Adds the gross-profit to gross-loss comparison.","related_definition","live_verified","audited_live_page","200","https://proplogai.com/glossary/profit-factor","2026-10-09","J7 local implementation and rendered-link review; production remains unchanged. K2 live glossary crawl verified the released source page and reachable destination on 2026-10-09."
"proplogai-2026-10-06-performance-report","https://proplogai.com/glossary/performance-report","trading performance report","proplogai-live-glossary-trading-journal","https://proplogai.com/glossary/trading-journal","trading journal","trading journal","Opens the original records behind a report summary.","related_definition","live_verified","audited_live_page","200","https://proplogai.com/glossary/trading-journal","2026-10-09","J7 local implementation and rendered-link review; production remains unchanged. K2 live glossary crawl verified the released source page and reachable destination on 2026-10-09."
"proplogai-2026-10-06-performance-report","https://proplogai.com/glossary/performance-report","trading performance report","proplogai-2026-10-05-win-rate","https://proplogai.com/glossary/win-rate","trading win rate","win rate","Defines outcome frequency in the sample.","related_definition","live_verified","audited_live_page","200","https://proplogai.com/glossary/win-rate","2026-10-09","J7 local implementation and rendered-link review; production remains unchanged. K2 live glossary crawl verified the released source page and reachable destination on 2026-10-09."
"proplogai-2026-10-06-performance-report","https://proplogai.com/glossary/performance-report","trading performance report","proplogai-2026-10-05-average-win-vs-average-loss","https://proplogai.com/glossary/average-win-vs-average-loss","average win vs average loss","average win and average loss","Defines average outcome size.","related_definition","live_verified","audited_live_page","200","https://proplogai.com/glossary/average-win-vs-average-loss","2026-10-09","J7 local implementation and rendered-link review; production remains unchanged. K2 live glossary crawl verified the released source page and reachable destination on 2026-10-09."
"proplogai-2026-10-06-performance-report","https://proplogai.com/glossary/performance-report","trading performance report","proplogai-2026-10-05-profit-factor","https://proplogai.com/glossary/profit-factor","profit factor","profit factor","Defines gross profit divided by gross loss.","related_definition","live_verified","audited_live_page","200","https://proplogai.com/glossary/profit-factor","2026-10-09","J7 local implementation and rendered-link review; production remains unchanged. K2 live glossary crawl verified the released source page and reachable destination on 2026-10-09."
"proplogai-2026-10-06-performance-report","https://proplogai.com/glossary/performance-report","trading performance report","proplogai-2026-10-05-expectancy","https://proplogai.com/glossary/expectancy","trading expectancy","expectancy","Defines average result per trade.","related_definition","live_verified","audited_live_page","200","https://proplogai.com/glossary/expectancy","2026-10-09","J7 local implementation and rendered-link review; production remains unchanged. K2 live glossary crawl verified the released source page and reachable destination on 2026-10-09."
"proplogai-2026-10-06-performance-report","https://proplogai.com/glossary/performance-report","trading performance report","proplogai-2026-10-01-drawdown","https://proplogai.com/glossary/drawdown","drawdown in prop firm","drawdown","Defines decline from an earlier peak.","related_definition","live_verified","audited_live_page","200","https://proplogai.com/glossary/drawdown","2026-10-09","J7 local implementation and rendered-link review; production remains unchanged. K2 live glossary crawl verified the released source page and reachable destination on 2026-10-09."
"proplogai-2026-10-06-performance-report","https://proplogai.com/glossary/performance-report","trading performance report","proplogai-2026-10-06-equity-curve","https://proplogai.com/glossary/equity-curve","trading equity curve","equity curve","Defines the account-result path.","related_definition","live_verified","audited_live_page","200","https://proplogai.com/glossary/equity-curve","2026-10-09","J7 local implementation and rendered-link review; production remains unchanged. K2 live glossary crawl verified the released source page and reachable destination on 2026-10-09."
"proplogai-2026-10-06-trading-journal","https://proplogai.com/glossary/trading-journal","trading journal","proplogai-live-glossary-emotion-tracking","https://proplogai.com/glossary/emotion-tracking","trading emotion tracking","emotion tag","Minimum record fields","related_definition","live_verified","audited_live_page","200","https://proplogai.com/glossary/emotion-tracking","2026-10-09","J8 local implementation and rendered-link review; production remains unchanged. K2 live glossary crawl verified the released source page and reachable destination on 2026-10-09."
"proplogai-2026-10-06-trading-journal","https://proplogai.com/glossary/trading-journal","trading journal","proplogai-2026-10-06-trade-review","https://proplogai.com/glossary/trade-review","trade review","trade review","Journal entry versus review","related_definition","live_verified","audited_live_page","200","https://proplogai.com/glossary/trade-review","2026-10-09","J8 local implementation and rendered-link review; production remains unchanged. K2 live glossary crawl verified the released source page and reachable destination on 2026-10-09."
"proplogai-2026-10-06-trading-journal","https://proplogai.com/glossary/trading-journal","trading journal","proplogai-2026-09-24-trading-journal-template","https://proplogai.com/blogs/trading-journal-template","trading journal template","trading journal template","Reusable next step","glossary_to_blog","live_verified","audited_live_page","200","https://proplogai.com/blogs/trading-journal-template","2026-10-09","J8 local implementation and rendered-link review; production remains unchanged. K2 live glossary crawl verified the released source page and reachable destination on 2026-10-09."
"proplogai-2026-10-06-trading-journal","https://proplogai.com/glossary/trading-journal","trading journal","proplogai-2026-10-01-prop-firm-trading-journal","https://proplogai.com/blogs/prop-firm-trading-journal","prop firm trading journal","prop firm trading journal guide","Complete workflow","cluster_to_pillar","live_verified","audited_live_page","200","https://proplogai.com/blogs/prop-firm-trading-journal","2026-10-09","J8 local implementation and rendered-link review; production remains unchanged. K2 live glossary crawl verified the released source page and reachable destination on 2026-10-09."
"proplogai-2026-10-06-trade-review","https://proplogai.com/glossary/trade-review","trade review","proplogai-2026-10-06-trading-journal","https://proplogai.com/glossary/trading-journal","trading journal","trading journal","Source record","related_definition","live_verified","audited_live_page","200","https://proplogai.com/glossary/trading-journal","2026-10-09","J8 local implementation and rendered-link review; production remains unchanged. K2 live glossary crawl verified the released source page and reachable destination on 2026-10-09."
"proplogai-2026-10-06-trade-review","https://proplogai.com/glossary/trade-review","trade review","proplogai-live-glossary-setup-compliance","https://proplogai.com/glossary/setup-compliance","setup compliance","setup compliance","Profitable rule-break contrast","related_definition","live_verified","audited_live_page","200","https://proplogai.com/glossary/setup-compliance","2026-10-09","J8 local implementation and rendered-link review; production remains unchanged. K2 live glossary crawl verified the released source page and reachable destination on 2026-10-09."
"proplogai-2026-10-06-trade-review","https://proplogai.com/glossary/trade-review","trade review","proplogai-2026-10-06-performance-report","https://proplogai.com/glossary/performance-report","trading performance report","trading performance report","Single trade versus group summary","related_definition","live_verified","audited_live_page","200","https://proplogai.com/glossary/performance-report","2026-10-09","J8 local implementation and rendered-link review; production remains unchanged. K2 live glossary crawl verified the released source page and reachable destination on 2026-10-09."
"proplogai-2026-10-06-trade-review","https://proplogai.com/glossary/trade-review","trade review","proplogai-live-blog-weekly-trading-review-template","https://proplogai.com/blogs/weekly-trading-review-template","weekly trading review template","weekly trading review template","Multi-trade workflow","glossary_to_blog","live_verified","audited_live_page","200","https://proplogai.com/blogs/weekly-trading-review-template","2026-10-09","J8 local implementation and rendered-link review; production remains unchanged. K2 live glossary crawl verified the released source page and reachable destination on 2026-10-09."
"proplogai-2026-10-06-trade-review","https://proplogai.com/glossary/trade-review","trade review","proplogai-live-blog-monthly-trading-review-template","https://proplogai.com/blogs/monthly-trading-review-template","monthly trading review template","monthly trading review template","Multi-trade workflow","glossary_to_blog","live_verified","audited_live_page","200","https://proplogai.com/blogs/monthly-trading-review-template","2026-10-09","J8 local implementation and rendered-link review; production remains unchanged. K2 live glossary crawl verified the released source page and reachable destination on 2026-10-09."
"proplogai-2026-10-06-trade-review","https://proplogai.com/glossary/trade-review","trade review","proplogai-2026-10-01-prop-firm-trading-journal","https://proplogai.com/blogs/prop-firm-trading-journal","prop firm trading journal","complete journal-to-review workflow","Practical guide card","cluster_to_pillar","live_verified","audited_live_page","200","https://proplogai.com/blogs/prop-firm-trading-journal","2026-10-09","J8 local implementation and rendered-link review; production remains unchanged. K2 live glossary crawl verified the released source page and reachable destination on 2026-10-09."
"proplogai-2026-10-06-pattern-recognition","https://proplogai.com/glossary/pattern-recognition","trading pattern recognition","proplogai-2026-10-06-trading-journal","https://proplogai.com/glossary/trading-journal","trading journal","trading journal","Source records","related_definition","live_verified","audited_live_page","200","https://proplogai.com/glossary/trading-journal","2026-10-09","J9 local implementation and rendered-link review; production remains unchanged. K2 live glossary crawl verified the released source page and reachable destination on 2026-10-09."
"proplogai-2026-10-06-pattern-recognition","https://proplogai.com/glossary/pattern-recognition","trading pattern recognition","proplogai-2026-10-06-performance-report","https://proplogai.com/glossary/performance-report","trading performance report","trading performance report","Defined 20-trade sample","related_definition","live_verified","audited_live_page","200","https://proplogai.com/glossary/performance-report","2026-10-09","J9 local implementation and rendered-link review; production remains unchanged. K2 live glossary crawl verified the released source page and reachable destination on 2026-10-09."
"proplogai-2026-10-06-pattern-recognition","https://proplogai.com/glossary/pattern-recognition","trading pattern recognition","proplogai-2026-10-06-trade-review","https://proplogai.com/glossary/trade-review","trade review","trade review","Open the original records","related_definition","live_verified","audited_live_page","200","https://proplogai.com/glossary/trade-review","2026-10-09","J9 local implementation and rendered-link review; production remains unchanged. K2 live glossary crawl verified the released source page and reachable destination on 2026-10-09."
"proplogai-2026-10-06-pattern-recognition","https://proplogai.com/glossary/pattern-recognition","trading pattern recognition","proplogai-live-glossary-emotion-tracking","https://proplogai.com/glossary/emotion-tracking","trading emotion tracking","emotion tag","Trader-entered field boundary","related_definition","live_verified","audited_live_page","200","https://proplogai.com/glossary/emotion-tracking","2026-10-09","J9 local implementation and rendered-link review; production remains unchanged. K2 live glossary crawl verified the released source page and reachable destination on 2026-10-09."
"proplogai-2026-10-06-pattern-recognition","https://proplogai.com/glossary/pattern-recognition","trading pattern recognition","proplogai-2026-10-06-ai-trading-coach","https://proplogai.com/glossary/ai-trading-coach","AI trading coach","AI trading coach","Software-assisted grouping","related_definition","live_verified","audited_live_page","200","https://proplogai.com/glossary/ai-trading-coach","2026-10-09","J9 local implementation and rendered-link review; production remains unchanged. K2 live glossary crawl verified the released source page and reachable destination on 2026-10-09."
"proplogai-2026-10-06-pattern-recognition","https://proplogai.com/glossary/pattern-recognition","trading pattern recognition","proplogai-live-blog-ai-journal-pattern-detection","https://proplogai.com/blogs/ai-journal-pattern-detection","AI trading journal analysis","journal pattern guide","Detailed workflow","glossary_to_blog","live_verified","audited_live_page","200","https://proplogai.com/blogs/ai-journal-pattern-detection","2026-10-09","J9 local implementation and rendered-link review; production remains unchanged. K2 live glossary crawl verified the released source page and reachable destination on 2026-10-09."
"proplogai-2026-10-06-pattern-recognition","https://proplogai.com/glossary/pattern-recognition","trading pattern recognition","proplogai-live-blog-ai-trading-coach-prop-firm","https://proplogai.com/blogs/ai-trading-coach-prop-firm","AI trading coach for prop firm traders","AI trading coach guide","Cluster pillar","cluster_to_pillar","live_verified","audited_live_page","200","https://proplogai.com/blogs/ai-trading-coach-prop-firm","2026-10-09","J9 local implementation and rendered-link review; production remains unchanged. K2 live glossary crawl verified the released source page and reachable destination on 2026-10-09."
"proplogai-2026-10-06-ai-trading-coach","https://proplogai.com/glossary/ai-trading-coach","AI trading coach","proplogai-2026-10-06-trading-journal","https://proplogai.com/glossary/trading-journal","trading journal","trading journal","Input records","related_definition","live_verified","audited_live_page","200","https://proplogai.com/glossary/trading-journal","2026-10-09","J9 local implementation and rendered-link review; production remains unchanged. K2 live glossary crawl verified the released source page and reachable destination on 2026-10-09."
"proplogai-2026-10-06-ai-trading-coach","https://proplogai.com/glossary/ai-trading-coach","AI trading coach","proplogai-2026-10-06-pattern-recognition","https://proplogai.com/glossary/pattern-recognition","trading pattern recognition","repeated pattern","Possible output","related_definition","live_verified","audited_live_page","200","https://proplogai.com/glossary/pattern-recognition","2026-10-09","J9 local implementation and rendered-link review; production remains unchanged. K2 live glossary crawl verified the released source page and reachable destination on 2026-10-09."
"proplogai-2026-10-06-ai-trading-coach","https://proplogai.com/glossary/ai-trading-coach","AI trading coach","proplogai-2026-10-06-performance-report","https://proplogai.com/glossary/performance-report","trading performance report","trading performance report","Defined sample","related_definition","live_verified","audited_live_page","200","https://proplogai.com/glossary/performance-report","2026-10-09","J9 local implementation and rendered-link review; production remains unchanged. K2 live glossary crawl verified the released source page and reachable destination on 2026-10-09."
"proplogai-2026-10-06-ai-trading-coach","https://proplogai.com/glossary/ai-trading-coach","AI trading coach","proplogai-2026-10-06-trade-review","https://proplogai.com/glossary/trade-review","trade review","trade review","Manual verification","related_definition","live_verified","audited_live_page","200","https://proplogai.com/glossary/trade-review","2026-10-09","J9 local implementation and rendered-link review; production remains unchanged. K2 live glossary crawl verified the released source page and reachable destination on 2026-10-09."
"proplogai-2026-10-06-ai-trading-coach","https://proplogai.com/glossary/ai-trading-coach","AI trading coach","proplogai-live-glossary-emotion-tracking","https://proplogai.com/glossary/emotion-tracking","trading emotion tracking","emotion tag","Trader-entered field boundary","related_definition","live_verified","audited_live_page","200","https://proplogai.com/glossary/emotion-tracking","2026-10-09","J9 local implementation and rendered-link review; production remains unchanged. K2 live glossary crawl verified the released source page and reachable destination on 2026-10-09."
"proplogai-2026-10-06-ai-trading-coach","https://proplogai.com/glossary/ai-trading-coach","AI trading coach","proplogai-live-blog-ai-trading-coach-prop-firm","https://proplogai.com/blogs/ai-trading-coach-prop-firm","AI trading coach for prop firm traders","AI trading coach guide","Capability guide","cluster_to_pillar","live_verified","audited_live_page","200","https://proplogai.com/blogs/ai-trading-coach-prop-firm","2026-10-09","J9 local implementation and rendered-link review; production remains unchanged. K2 live glossary crawl verified the released source page and reachable destination on 2026-10-09."
"proplogai-2026-10-06-ai-trading-coach","https://proplogai.com/glossary/ai-trading-coach","AI trading coach","proplogai-live-blog-ai-journal-pattern-detection","https://proplogai.com/blogs/ai-journal-pattern-detection","AI trading journal analysis","journal pattern guide","Detailed workflow","glossary_to_blog","live_verified","audited_live_page","200","https://proplogai.com/blogs/ai-journal-pattern-detection","2026-10-09","J9 local implementation and rendered-link review; production remains unchanged. K2 live glossary crawl verified the released source page and reachable destination on 2026-10-09."
"proplogai-2026-10-06-trading-plan","https://proplogai.com/glossary/trading-plan","trading plan","proplogai-live-glossary-rule-based-trading","https://proplogai.com/glossary/rule-based-trading","rule based trading","Rule-based trading","Defines how one rule is used during a decision.","related_definition","live_verified","audited_live_page","200","https://proplogai.com/glossary/rule-based-trading","2026-10-09","J10 local implementation; destination and placement verified in draft. K2 live glossary crawl verified the released source page and reachable destination on 2026-10-09."
"proplogai-2026-10-06-trading-plan","https://proplogai.com/glossary/trading-plan","trading plan","proplogai-live-glossary-setup-compliance","https://proplogai.com/glossary/setup-compliance","setup compliance","setup compliance","Separates plan adherence from P&L.","related_definition","live_verified","audited_live_page","200","https://proplogai.com/glossary/setup-compliance","2026-10-09","J10 local implementation; destination and placement verified in draft. K2 live glossary crawl verified the released source page and reachable destination on 2026-10-09."
"proplogai-2026-10-06-trading-plan","https://proplogai.com/glossary/trading-plan","trading plan","proplogai-live-glossary-pre-market-routine","https://proplogai.com/glossary/pre-market-routine","pre market routine","pre-market routine","Connects preparation to the written plan.","related_definition","live_verified","audited_live_page","200","https://proplogai.com/glossary/pre-market-routine","2026-10-09","J10 local implementation; destination and placement verified in draft. K2 live glossary crawl verified the released source page and reachable destination on 2026-10-09."
"proplogai-2026-10-06-trading-plan","https://proplogai.com/glossary/trading-plan","trading plan","proplogai-live-glossary-position-sizing","https://proplogai.com/glossary/position-sizing","position sizing","position-sizing","Explains the planned sizing input.","related_definition","live_verified","audited_live_page","200","https://proplogai.com/glossary/position-sizing","2026-10-09","J10 local implementation; destination and placement verified in draft. K2 live glossary crawl verified the released source page and reachable destination on 2026-10-09."
"proplogai-2026-10-06-trading-plan","https://proplogai.com/glossary/trading-plan","trading plan","proplogai-live-glossary-stop-loss","https://proplogai.com/glossary/stop-loss","stop loss","stop loss","Defines the planned stop.","related_definition","live_verified","audited_live_page","200","https://proplogai.com/glossary/stop-loss","2026-10-09","J10 local implementation; destination and placement verified in draft. K2 live glossary crawl verified the released source page and reachable destination on 2026-10-09."
"proplogai-2026-10-06-trading-plan","https://proplogai.com/glossary/trading-plan","trading plan","proplogai-live-glossary-trading-journal","https://proplogai.com/glossary/trading-journal","trading journal","trading journal","Connects the plan to the later record.","related_definition","live_verified","audited_live_page","200","https://proplogai.com/glossary/trading-journal","2026-10-09","J10 local implementation; destination and placement verified in draft. K2 live glossary crawl verified the released source page and reachable destination on 2026-10-09."
"proplogai-2026-10-06-trading-plan","https://proplogai.com/glossary/trading-plan","trading plan","proplogai-live-glossary-trade-review","https://proplogai.com/glossary/trade-review","trade review","trade review","Connects the plan to the later comparison.","related_definition","live_verified","audited_live_page","200","https://proplogai.com/glossary/trade-review","2026-10-09","J10 local implementation; destination and placement verified in draft. K2 live glossary crawl verified the released source page and reachable destination on 2026-10-09."
"proplogai-2026-10-06-trading-plan","https://proplogai.com/glossary/trading-plan","trading plan","proplogai-live-blog-prop-firm-trading-rulebook","https://proplogai.com/blogs/prop-firm-trading-rulebook","trading rulebook","trading rulebook guide","Hands off the complete writing workflow.","glossary_to_blog","live_verified","audited_live_page","200","https://proplogai.com/blogs/prop-firm-trading-rulebook","2026-10-09","J10 local implementation; destination and placement verified in draft. K2 live glossary crawl verified the released source page and reachable destination on 2026-10-09."
"proplogai-2026-10-06-trading-plan","https://proplogai.com/glossary/trading-plan","trading plan","proplogai-2026-10-04-trading-discipline-checklist","https://proplogai.com/blogs/trading-discipline-checklist","trading discipline checklist","trading discipline checklist","Hands off the reusable pre-trade check.","glossary_to_blog","live_verified","audited_live_page","200","https://proplogai.com/blogs/trading-discipline-checklist","2026-10-09","J10 local implementation; destination and placement verified in draft. K2 live glossary crawl verified the released source page and reachable destination on 2026-10-09."
"proplogai-2026-10-06-trading-plan","https://proplogai.com/glossary/trading-plan","trading plan","proplogai-live-blog-trading-discipline-prop-firm","https://proplogai.com/blogs/trading-discipline-prop-firm","trading discipline","trading discipline guide","Hands off the wider discipline system.","cluster_to_pillar","live_verified","audited_live_page","200","https://proplogai.com/blogs/trading-discipline-prop-firm","2026-10-09","J10 local implementation; destination and placement verified in draft. K2 live glossary crawl verified the released source page and reachable destination on 2026-10-09."
"proplogai-2026-10-06-rule-based-trading","https://proplogai.com/glossary/rule-based-trading","rule based trading","proplogai-2026-10-06-trading-plan","https://proplogai.com/glossary/trading-plan","trading plan","Trading plan","Defines the framework that contains the rules.","related_definition","live_verified","audited_live_page","200","https://proplogai.com/glossary/trading-plan","2026-10-09","J10 local implementation; destination and placement verified in draft. K2 live glossary crawl verified the released source page and reachable destination on 2026-10-09."
"proplogai-2026-10-06-rule-based-trading","https://proplogai.com/glossary/rule-based-trading","rule based trading","proplogai-live-glossary-setup-compliance","https://proplogai.com/glossary/setup-compliance","setup compliance","Setup compliance","Defines the later adherence check.","related_definition","live_verified","audited_live_page","200","https://proplogai.com/glossary/setup-compliance","2026-10-09","J10 local implementation; destination and placement verified in draft. K2 live glossary crawl verified the released source page and reachable destination on 2026-10-09."
"proplogai-2026-10-06-rule-based-trading","https://proplogai.com/glossary/rule-based-trading","rule based trading","proplogai-live-glossary-pre-market-routine","https://proplogai.com/glossary/pre-market-routine","pre market routine","pre-market routine","Connects rule preparation to the session.","related_definition","live_verified","audited_live_page","200","https://proplogai.com/glossary/pre-market-routine","2026-10-09","J10 local implementation; destination and placement verified in draft. K2 live glossary crawl verified the released source page and reachable destination on 2026-10-09."
"proplogai-2026-10-06-rule-based-trading","https://proplogai.com/glossary/rule-based-trading","rule based trading","proplogai-live-glossary-position-sizing","https://proplogai.com/glossary/position-sizing","position sizing","position size","Defines the sizing input in the six-step check.","related_definition","live_verified","audited_live_page","200","https://proplogai.com/glossary/position-sizing","2026-10-09","J10 local implementation; destination and placement verified in draft. K2 live glossary crawl verified the released source page and reachable destination on 2026-10-09."
"proplogai-2026-10-06-rule-based-trading","https://proplogai.com/glossary/rule-based-trading","rule based trading","proplogai-live-glossary-stop-loss","https://proplogai.com/glossary/stop-loss","stop loss","stop loss","Defines the stop input in the six-step check.","related_definition","live_verified","audited_live_page","200","https://proplogai.com/glossary/stop-loss","2026-10-09","J10 local implementation; destination and placement verified in draft. K2 live glossary crawl verified the released source page and reachable destination on 2026-10-09."
"proplogai-2026-10-06-rule-based-trading","https://proplogai.com/glossary/rule-based-trading","rule based trading","proplogai-live-glossary-trading-journal","https://proplogai.com/glossary/trading-journal","trading journal","trading journal","Preserves evidence for the later rule check.","related_definition","live_verified","audited_live_page","200","https://proplogai.com/glossary/trading-journal","2026-10-09","J10 local implementation; destination and placement verified in draft. K2 live glossary crawl verified the released source page and reachable destination on 2026-10-09."
"proplogai-2026-10-06-rule-based-trading","https://proplogai.com/glossary/rule-based-trading","rule based trading","proplogai-live-blog-prop-firm-trading-rulebook","https://proplogai.com/blogs/prop-firm-trading-rulebook","trading rulebook","trading rulebook guide","Hands off the complete rule-writing workflow.","glossary_to_blog","live_verified","audited_live_page","200","https://proplogai.com/blogs/prop-firm-trading-rulebook","2026-10-09","J10 local implementation; destination and placement verified in draft. K2 live glossary crawl verified the released source page and reachable destination on 2026-10-09."
"proplogai-2026-10-06-rule-based-trading","https://proplogai.com/glossary/rule-based-trading","rule based trading","proplogai-2026-10-04-trading-discipline-checklist","https://proplogai.com/blogs/trading-discipline-checklist","trading discipline checklist","trading discipline checklist","Hands off the reusable pre-entry check.","glossary_to_blog","live_verified","audited_live_page","200","https://proplogai.com/blogs/trading-discipline-checklist","2026-10-09","J10 local implementation; destination and placement verified in draft. K2 live glossary crawl verified the released source page and reachable destination on 2026-10-09."
"proplogai-2026-10-06-rule-based-trading","https://proplogai.com/glossary/rule-based-trading","rule based trading","proplogai-live-blog-trading-discipline-prop-firm","https://proplogai.com/blogs/trading-discipline-prop-firm","trading discipline","trading discipline guide","Hands off the wider discipline system.","cluster_to_pillar","live_verified","audited_live_page","200","https://proplogai.com/blogs/trading-discipline-prop-firm","2026-10-09","J10 local implementation; destination and placement verified in draft. K2 live glossary crawl verified the released source page and reachable destination on 2026-10-09."
"proplogai-2026-10-07-setup-compliance","https://proplogai.com/glossary/setup-compliance","setup compliance","proplogai-2026-10-06-trading-plan","https://proplogai.com/glossary/trading-plan","trading plan","trading plan","Identifies the wider framework that contains the setup.","related_definition","live_verified","audited_destination","200","https://proplogai.com/glossary/trading-plan","2026-10-09","J11 local implementation and rendered-link review; production remains unchanged. K2 live glossary crawl verified the released source page and reachable destination on 2026-10-09."
"proplogai-2026-10-07-setup-compliance","https://proplogai.com/glossary/setup-compliance","setup compliance","proplogai-2026-10-06-rule-based-trading","https://proplogai.com/glossary/rule-based-trading","rule based trading","rule-based trading","Explains use of predefined conditions during the decision.","related_definition","live_verified","audited_destination","200","https://proplogai.com/glossary/rule-based-trading","2026-10-09","J11 local implementation and rendered-link review; production remains unchanged. K2 live glossary crawl verified the released source page and reachable destination on 2026-10-09."
"proplogai-2026-10-07-setup-compliance","https://proplogai.com/glossary/setup-compliance","setup compliance","proplogai-2026-10-05-stop-loss","https://proplogai.com/glossary/stop-loss","stop loss","stop loss","Defines the planned protective-order field in the fictional check.","related_definition","live_verified","audited_destination","200","https://proplogai.com/glossary/stop-loss","2026-10-09","J11 local implementation and rendered-link review; production remains unchanged. K2 live glossary crawl verified the released source page and reachable destination on 2026-10-09."
"proplogai-2026-10-07-setup-compliance","https://proplogai.com/glossary/setup-compliance","setup compliance","proplogai-2026-10-05-position-sizing","https://proplogai.com/glossary/position-sizing","position sizing","position size","Defines the size field tied to the written USD loss limit.","related_definition","live_verified","audited_destination","200","https://proplogai.com/glossary/position-sizing","2026-10-09","J11 local implementation and rendered-link review; production remains unchanged. K2 live glossary crawl verified the released source page and reachable destination on 2026-10-09."
"proplogai-2026-10-07-setup-compliance","https://proplogai.com/glossary/setup-compliance","setup compliance","proplogai-2026-10-06-trading-journal","https://proplogai.com/glossary/trading-journal","trading journal","trading journal","Preserves the timestamped record used in the comparison.","related_definition","live_verified","audited_destination","200","https://proplogai.com/glossary/trading-journal","2026-10-09","J11 local implementation and rendered-link review; production remains unchanged. K2 live glossary crawl verified the released source page and reachable destination on 2026-10-09."
"proplogai-2026-10-07-setup-compliance","https://proplogai.com/glossary/setup-compliance","setup compliance","proplogai-2026-10-06-trade-review","https://proplogai.com/glossary/trade-review","trade review","trade review","Connects the criterion check to the wider post-trade review.","related_definition","live_verified","audited_destination","200","https://proplogai.com/glossary/trade-review","2026-10-09","J11 local implementation and rendered-link review; production remains unchanged. K2 live glossary crawl verified the released source page and reachable destination on 2026-10-09."
"proplogai-2026-10-07-setup-compliance","https://proplogai.com/glossary/setup-compliance","setup compliance","proplogai-live-blog-overtrading-prop-firm-challenges","https://proplogai.com/blogs/overtrading-prop-firm-challenges","overtrading in prop firm challenges","overtrading guide","Shows how repeated setup, session, confirmation or size changes can be reviewed.","glossary_to_blog","live_verified","audited_destination","200","https://proplogai.com/blogs/overtrading-prop-firm-challenges","2026-10-09","J11 local implementation and rendered-link review; production remains unchanged. K2 live glossary crawl verified the released source page and reachable destination on 2026-10-09."
"proplogai-2026-10-07-setup-compliance","https://proplogai.com/glossary/setup-compliance","setup compliance","proplogai-2026-10-04-trading-discipline-checklist","https://proplogai.com/blogs/trading-discipline-checklist","trading discipline checklist","trading discipline checklist","Provides the practical pre-entry check.","glossary_to_blog","live_verified","audited_destination","200","https://proplogai.com/blogs/trading-discipline-checklist","2026-10-09","J11 local implementation and rendered-link review; production remains unchanged. K2 live glossary crawl verified the released source page and reachable destination on 2026-10-09."
"proplogai-2026-10-07-setup-compliance","https://proplogai.com/glossary/setup-compliance","setup compliance","proplogai-live-blog-trading-discipline-prop-firm","https://proplogai.com/blogs/trading-discipline-prop-firm","trading discipline","trading discipline guide","Connects the definition to the discipline pillar.","glossary_to_blog","live_verified","audited_destination","200","https://proplogai.com/blogs/trading-discipline-prop-firm","2026-10-09","J11 local implementation and rendered-link review; production remains unchanged. K2 live glossary crawl verified the released source page and reachable destination on 2026-10-09."
"proplogai-2026-10-07-trade-management","https://proplogai.com/glossary/trade-management","trade management","proplogai-2026-10-06-trading-plan","https://proplogai.com/glossary/trading-plan","trading plan","trading plan","Places management rules inside the wider prewritten framework.","related_definition","live_verified","audited_destination","200","https://proplogai.com/glossary/trading-plan","2026-10-09","J11 local implementation and rendered-link review; production remains unchanged. K2 live glossary crawl verified the released source page and reachable destination on 2026-10-09."
"proplogai-2026-10-07-trade-management","https://proplogai.com/glossary/trade-management","trade management","proplogai-2026-10-06-rule-based-trading","https://proplogai.com/glossary/rule-based-trading","rule based trading","rule-based trading","Explains use of predefined conditions during the decision.","related_definition","live_verified","audited_destination","200","https://proplogai.com/glossary/rule-based-trading","2026-10-09","J11 local implementation and rendered-link review; production remains unchanged. K2 live glossary crawl verified the released source page and reachable destination on 2026-10-09."
"proplogai-2026-10-07-trade-management","https://proplogai.com/glossary/trade-management","trade management","proplogai-2026-10-05-stop-loss","https://proplogai.com/glossary/stop-loss","stop loss","stop price","Explains trigger and final-fill limitations.","related_definition","live_verified","audited_destination","200","https://proplogai.com/glossary/stop-loss","2026-10-09","J11 local implementation and rendered-link review; production remains unchanged. K2 live glossary crawl verified the released source page and reachable destination on 2026-10-09."
"proplogai-2026-10-07-trade-management","https://proplogai.com/glossary/trade-management","trade management","proplogai-2026-10-05-risk-reward-ratio","https://proplogai.com/glossary/risk-reward-ratio","risk reward ratio","risk-reward ratio","Defines one planning input without prescribing a management method.","related_definition","live_verified","audited_destination","200","https://proplogai.com/glossary/risk-reward-ratio","2026-10-09","J11 local implementation and rendered-link review; production remains unchanged. K2 live glossary crawl verified the released source page and reachable destination on 2026-10-09."
"proplogai-2026-10-07-trade-management","https://proplogai.com/glossary/trade-management","trade management","proplogai-2026-10-06-trading-journal","https://proplogai.com/glossary/trading-journal","trading journal","trading journal","Preserves the original rule and timestamped action.","related_definition","live_verified","audited_destination","200","https://proplogai.com/glossary/trading-journal","2026-10-09","J11 local implementation and rendered-link review; production remains unchanged. K2 live glossary crawl verified the released source page and reachable destination on 2026-10-09."
"proplogai-2026-10-07-trade-management","https://proplogai.com/glossary/trade-management","trade management","proplogai-2026-10-07-setup-compliance","https://proplogai.com/glossary/setup-compliance","setup compliance","setup compliance","Connects the recorded action with the later rule comparison.","related_definition","live_verified","audited_destination","200","https://proplogai.com/glossary/setup-compliance","2026-10-09","J11 local implementation and rendered-link review; production remains unchanged. K2 live glossary crawl verified the released source page and reachable destination on 2026-10-09."
"proplogai-2026-10-07-trade-management","https://proplogai.com/glossary/trade-management","trade management","proplogai-2026-10-06-trade-review","https://proplogai.com/glossary/trade-review","trade review","trade review","Connects the action record to the wider post-trade review.","related_definition","live_verified","audited_destination","200","https://proplogai.com/glossary/trade-review","2026-10-09","J11 local implementation and rendered-link review; production remains unchanged. K2 live glossary crawl verified the released source page and reachable destination on 2026-10-09."
"proplogai-2026-10-07-trade-management","https://proplogai.com/glossary/trade-management","trade management","proplogai-2026-10-04-trading-discipline-checklist","https://proplogai.com/blogs/trading-discipline-checklist","trading discipline checklist","trading discipline checklist","Provides the practical pre-entry check.","glossary_to_blog","live_verified","audited_destination","200","https://proplogai.com/blogs/trading-discipline-checklist","2026-10-09","J11 local implementation and rendered-link review; production remains unchanged. K2 live glossary crawl verified the released source page and reachable destination on 2026-10-09."
"proplogai-2026-10-07-trade-management","https://proplogai.com/glossary/trade-management","trade management","proplogai-live-blog-trading-discipline-prop-firm","https://proplogai.com/blogs/trading-discipline-prop-firm","trading discipline","trading discipline guide","Connects the definition to the discipline pillar.","glossary_to_blog","live_verified","audited_destination","200","https://proplogai.com/blogs/trading-discipline-prop-firm","2026-10-09","J11 local implementation and rendered-link review; production remains unchanged. K2 live glossary crawl verified the released source page and reachable destination on 2026-10-09."
"proplogai-2026-10-08-tilt","https://proplogai.com/glossary/tilt","tilt in trading","proplogai-2026-10-06-trading-plan","https://proplogai.com/glossary/trading-plan","trading plan","trading plan","Places the reviewed decision beside the original written process.","related_definition","live_verified","audited_destination","200","https://proplogai.com/glossary/trading-plan","2026-10-09","J12 local implementation and rendered-link review; production remains unchanged. K2 live glossary crawl verified the released source page and reachable destination on 2026-10-09."
"proplogai-2026-10-08-tilt","https://proplogai.com/glossary/tilt","tilt in trading","proplogai-live-glossary-revenge-trading","https://proplogai.com/glossary/revenge-trading","revenge trading","revenge trading","Separates the recovery-after-loss motive from broader tilt.","related_definition","live_verified","audited_destination","200","https://proplogai.com/glossary/revenge-trading","2026-10-09","J12 local implementation and rendered-link review; production remains unchanged. K2 live glossary crawl verified the released source page and reachable destination on 2026-10-09."
"proplogai-2026-10-08-tilt","https://proplogai.com/glossary/tilt","tilt in trading","proplogai-2026-10-05-fomo","https://proplogai.com/glossary/fomo","FOMO in trading","FOMO","Separates urgency caused by a move appearing to leave.","related_definition","live_verified","audited_destination","200","https://proplogai.com/glossary/fomo","2026-10-09","J12 local implementation and rendered-link review; production remains unchanged. K2 live glossary crawl verified the released source page and reachable destination on 2026-10-09."
"proplogai-2026-10-08-tilt","https://proplogai.com/glossary/tilt","tilt in trading","proplogai-live-glossary-emotion-tracking","https://proplogai.com/glossary/emotion-tracking","trading emotion tracking","emotion record","Preserves the feeling as context without treating it as proof of cause.","related_definition","live_verified","audited_destination","200","https://proplogai.com/glossary/emotion-tracking","2026-10-09","J12 local implementation and rendered-link review; production remains unchanged. K2 live glossary crawl verified the released source page and reachable destination on 2026-10-09."
"proplogai-2026-10-08-tilt","https://proplogai.com/glossary/tilt","tilt in trading","proplogai-2026-10-06-trading-journal","https://proplogai.com/glossary/trading-journal","trading journal","trading journal","Preserves the original idea, action and evidence.","related_definition","live_verified","audited_destination","200","https://proplogai.com/glossary/trading-journal","2026-10-09","J12 local implementation and rendered-link review; production remains unchanged. K2 live glossary crawl verified the released source page and reachable destination on 2026-10-09."
"proplogai-2026-10-08-tilt","https://proplogai.com/glossary/tilt","tilt in trading","proplogai-2026-10-06-trade-review","https://proplogai.com/glossary/trade-review","trade review","trade review","Connects the saved record to the later comparison.","related_definition","live_verified","audited_destination","200","https://proplogai.com/glossary/trade-review","2026-10-09","J12 local implementation and rendered-link review; production remains unchanged. K2 live glossary crawl verified the released source page and reachable destination on 2026-10-09."
"proplogai-2026-10-08-tilt","https://proplogai.com/glossary/tilt","tilt in trading","proplogai-2026-10-06-rule-based-trading","https://proplogai.com/glossary/rule-based-trading","rule based trading","rule-based trading","Explains how predefined conditions guide the decision.","related_definition","live_verified","audited_destination","200","https://proplogai.com/glossary/rule-based-trading","2026-10-09","J12 local implementation and rendered-link review; production remains unchanged. K2 live glossary crawl verified the released source page and reachable destination on 2026-10-09."
"proplogai-2026-10-08-tilt","https://proplogai.com/glossary/tilt","tilt in trading","proplogai-2026-10-07-setup-compliance","https://proplogai.com/glossary/setup-compliance","setup compliance","setup compliance","Checks later whether the action matched the original conditions.","related_definition","live_verified","audited_destination","200","https://proplogai.com/glossary/setup-compliance","2026-10-09","J12 local implementation and rendered-link review; production remains unchanged. K2 live glossary crawl verified the released source page and reachable destination on 2026-10-09."
"proplogai-2026-10-08-tilt","https://proplogai.com/glossary/tilt","tilt in trading","proplogai-2026-10-04-revenge-trading-prop-firm","https://proplogai.com/blogs/revenge-trading-prop-firm","how to stop revenge trading","revenge-trading guide","Provides the practical post-loss review workflow.","glossary_to_blog","live_verified","audited_destination","200","https://proplogai.com/blogs/revenge-trading-prop-firm","2026-10-09","J12 local implementation and rendered-link review; production remains unchanged. K2 live glossary crawl verified the released source page and reachable destination on 2026-10-09."
"proplogai-2026-10-08-tilt","https://proplogai.com/glossary/tilt","tilt in trading","proplogai-live-blog-trading-psychology-prop-firm","https://proplogai.com/blogs/trading-psychology-prop-firm","trading psychology","trading psychology guide","Connects the definition to the wider psychology pillar.","cluster_to_pillar","live_verified","audited_destination","200","https://proplogai.com/blogs/trading-psychology-prop-firm","2026-10-09","J12 local implementation and rendered-link review; production remains unchanged. K2 live glossary crawl verified the released source page and reachable destination on 2026-10-09."
"proplogai-2026-10-08-confirmation-bias","https://proplogai.com/glossary/confirmation-bias","confirmation bias in trading","proplogai-2026-10-06-trading-plan","https://proplogai.com/glossary/trading-plan","trading plan","trading plan","Places the reviewed decision beside the original written process.","related_definition","live_verified","audited_destination","200","https://proplogai.com/glossary/trading-plan","2026-10-09","J12 local implementation and rendered-link review; production remains unchanged. K2 live glossary crawl verified the released source page and reachable destination on 2026-10-09."
"proplogai-2026-10-08-confirmation-bias","https://proplogai.com/glossary/confirmation-bias","confirmation bias in trading","proplogai-2026-10-06-rule-based-trading","https://proplogai.com/glossary/rule-based-trading","rule based trading","rule-based trading","Explains how predefined conditions guide the decision.","related_definition","live_verified","audited_destination","200","https://proplogai.com/glossary/rule-based-trading","2026-10-09","J12 local implementation and rendered-link review; production remains unchanged. K2 live glossary crawl verified the released source page and reachable destination on 2026-10-09."
"proplogai-2026-10-08-confirmation-bias","https://proplogai.com/glossary/confirmation-bias","confirmation bias in trading","proplogai-2026-10-07-setup-compliance","https://proplogai.com/glossary/setup-compliance","setup compliance","setup compliance","Checks later whether the action matched the original conditions.","related_definition","live_verified","audited_destination","200","https://proplogai.com/glossary/setup-compliance","2026-10-09","J12 local implementation and rendered-link review; production remains unchanged. K2 live glossary crawl verified the released source page and reachable destination on 2026-10-09."
"proplogai-2026-10-08-confirmation-bias","https://proplogai.com/glossary/confirmation-bias","confirmation bias in trading","proplogai-2026-10-06-trading-journal","https://proplogai.com/glossary/trading-journal","trading journal","trading journal","Preserves the original idea, action and evidence.","related_definition","live_verified","audited_destination","200","https://proplogai.com/glossary/trading-journal","2026-10-09","J12 local implementation and rendered-link review; production remains unchanged. K2 live glossary crawl verified the released source page and reachable destination on 2026-10-09."
"proplogai-2026-10-08-confirmation-bias","https://proplogai.com/glossary/confirmation-bias","confirmation bias in trading","proplogai-2026-10-06-trade-review","https://proplogai.com/glossary/trade-review","trade review","trade review","Connects the saved record to the later comparison.","related_definition","live_verified","audited_destination","200","https://proplogai.com/glossary/trade-review","2026-10-09","J12 local implementation and rendered-link review; production remains unchanged. K2 live glossary crawl verified the released source page and reachable destination on 2026-10-09."
"proplogai-2026-10-08-confirmation-bias","https://proplogai.com/glossary/confirmation-bias","confirmation bias in trading","proplogai-live-glossary-emotion-tracking","https://proplogai.com/glossary/emotion-tracking","trading emotion tracking","emotion record","Preserves the feeling as context without treating it as proof of cause.","related_definition","live_verified","audited_destination","200","https://proplogai.com/glossary/emotion-tracking","2026-10-09","J12 local implementation and rendered-link review; production remains unchanged. K2 live glossary crawl verified the released source page and reachable destination on 2026-10-09."
"proplogai-2026-10-08-confirmation-bias","https://proplogai.com/glossary/confirmation-bias","confirmation bias in trading","proplogai-2026-10-04-trading-discipline-checklist","https://proplogai.com/blogs/trading-discipline-checklist","trading discipline checklist","trading discipline checklist","Provides the practical pre-entry condition check.","glossary_to_blog","live_verified","audited_destination","200","https://proplogai.com/blogs/trading-discipline-checklist","2026-10-09","J12 local implementation and rendered-link review; production remains unchanged. K2 live glossary crawl verified the released source page and reachable destination on 2026-10-09."
"proplogai-2026-10-08-confirmation-bias","https://proplogai.com/glossary/confirmation-bias","confirmation bias in trading","proplogai-live-blog-trading-psychology-prop-firm","https://proplogai.com/blogs/trading-psychology-prop-firm","trading psychology","trading psychology guide","Connects the definition to the wider psychology pillar.","cluster_to_pillar","live_verified","audited_destination","200","https://proplogai.com/blogs/trading-psychology-prop-firm","2026-10-09","J12 local implementation and rendered-link review; production remains unchanged. K2 live glossary crawl verified the released source page and reachable destination on 2026-10-09."
"proplogai-2026-10-08-overconfidence","https://proplogai.com/glossary/overconfidence","overconfidence in trading","proplogai-2026-10-06-trading-plan","https://proplogai.com/glossary/trading-plan","trading plan","trading plan","Names the wider written framework.","related_definition","live_verified","audited_destination","200","https://proplogai.com/glossary/trading-plan","2026-10-09","J13 local implementation and rendered-link review; production remains unchanged. K2 live glossary crawl verified the released source page and reachable destination on 2026-10-09."
"proplogai-2026-10-08-overconfidence","https://proplogai.com/glossary/overconfidence","overconfidence in trading","proplogai-2026-10-08-confirmation-bias","https://proplogai.com/glossary/confirmation-bias","confirmation bias in trading","confirmation bias","Separates selective evidence from a confidence-linked process change.","related_definition","live_verified","audited_destination","200","https://proplogai.com/glossary/confirmation-bias","2026-10-09","J13 local implementation and rendered-link review; production remains unchanged. K2 live glossary crawl verified the released source page and reachable destination on 2026-10-09."
"proplogai-2026-10-08-overconfidence","https://proplogai.com/glossary/overconfidence","overconfidence in trading","proplogai-2026-10-05-position-sizing","https://proplogai.com/glossary/position-sizing","position sizing","position size","Explains the size field written before entry.","related_definition","live_verified","audited_destination","200","https://proplogai.com/glossary/position-sizing","2026-10-09","J13 local implementation and rendered-link review; production remains unchanged. K2 live glossary crawl verified the released source page and reachable destination on 2026-10-09."
"proplogai-2026-10-08-overconfidence","https://proplogai.com/glossary/overconfidence","overconfidence in trading","proplogai-2026-10-05-risk-per-trade","https://proplogai.com/glossary/risk-per-trade","risk per trade","USD risk","Connects the example to the planned-loss input.","related_definition","live_verified","audited_destination","200","https://proplogai.com/glossary/risk-per-trade","2026-10-09","J13 local implementation and rendered-link review; production remains unchanged. K2 live glossary crawl verified the released source page and reachable destination on 2026-10-09."
"proplogai-2026-10-08-overconfidence","https://proplogai.com/glossary/overconfidence","overconfidence in trading","proplogai-2026-10-06-trading-journal","https://proplogai.com/glossary/trading-journal","trading journal","trading journal","Preserves the original condition, action and reason.","related_definition","live_verified","audited_destination","200","https://proplogai.com/glossary/trading-journal","2026-10-09","J13 local implementation and rendered-link review; production remains unchanged. K2 live glossary crawl verified the released source page and reachable destination on 2026-10-09."
"proplogai-2026-10-08-overconfidence","https://proplogai.com/glossary/overconfidence","overconfidence in trading","proplogai-2026-10-07-setup-compliance","https://proplogai.com/glossary/setup-compliance","setup compliance","setup compliance","Compares the action with the original condition.","related_definition","live_verified","audited_destination","200","https://proplogai.com/glossary/setup-compliance","2026-10-09","J13 local implementation and rendered-link review; production remains unchanged. K2 live glossary crawl verified the released source page and reachable destination on 2026-10-09."
"proplogai-2026-10-08-overconfidence","https://proplogai.com/glossary/overconfidence","overconfidence in trading","proplogai-2026-10-06-trade-review","https://proplogai.com/glossary/trade-review","trade review","trade review","Connects the saved evidence to later review.","related_definition","live_verified","audited_destination","200","https://proplogai.com/glossary/trade-review","2026-10-09","J13 local implementation and rendered-link review; production remains unchanged. K2 live glossary crawl verified the released source page and reachable destination on 2026-10-09."
"proplogai-2026-10-08-overconfidence","https://proplogai.com/glossary/overconfidence","overconfidence in trading","proplogai-live-blog-tracking-trading-emotions","https://proplogai.com/blogs/tracking-trading-emotions","how to track trading emotions","emotion-tracking guide","Provides the deeper manual recording workflow.","glossary_to_blog","live_verified","audited_destination","200","https://proplogai.com/blogs/tracking-trading-emotions","2026-10-09","J13 local implementation and rendered-link review; production remains unchanged. K2 live glossary crawl verified the released source page and reachable destination on 2026-10-09."
"proplogai-2026-10-08-overconfidence","https://proplogai.com/glossary/overconfidence","overconfidence in trading","proplogai-live-blog-trading-psychology-prop-firm","https://proplogai.com/blogs/trading-psychology-prop-firm","trading psychology","trading psychology guide","Connects the definition to the psychology pillar.","cluster_to_pillar","live_verified","audited_destination","200","https://proplogai.com/blogs/trading-psychology-prop-firm","2026-10-09","J13 local implementation and rendered-link review; production remains unchanged. K2 live glossary crawl verified the released source page and reachable destination on 2026-10-09."
"proplogai-2026-10-08-pre-market-routine","https://proplogai.com/glossary/pre-market-routine","pre market routine","proplogai-2026-10-06-trading-plan","https://proplogai.com/glossary/trading-plan","trading plan","trading plan","Separates the wider plan from the preparation routine.","related_definition","live_verified","audited_destination","200","https://proplogai.com/glossary/trading-plan","2026-10-09","J13 local implementation and rendered-link review; production remains unchanged. K2 live glossary crawl verified the released source page and reachable destination on 2026-10-09."
"proplogai-2026-10-08-pre-market-routine","https://proplogai.com/glossary/pre-market-routine","pre market routine","proplogai-2026-10-06-rule-based-trading","https://proplogai.com/glossary/rule-based-trading","rule based trading","rule-based trading","Explains how predefined conditions guide the later decision.","related_definition","live_verified","audited_destination","200","https://proplogai.com/glossary/rule-based-trading","2026-10-09","J13 local implementation and rendered-link review; production remains unchanged. K2 live glossary crawl verified the released source page and reachable destination on 2026-10-09."
"proplogai-2026-10-08-pre-market-routine","https://proplogai.com/glossary/pre-market-routine","pre market routine","proplogai-2026-10-07-setup-compliance","https://proplogai.com/glossary/setup-compliance","setup compliance","setup compliance","Connects preparation with the later condition comparison.","related_definition","live_verified","audited_destination","200","https://proplogai.com/glossary/setup-compliance","2026-10-09","J13 local implementation and rendered-link review; production remains unchanged. K2 live glossary crawl verified the released source page and reachable destination on 2026-10-09."
"proplogai-2026-10-08-pre-market-routine","https://proplogai.com/glossary/pre-market-routine","pre market routine","proplogai-2026-10-06-trading-journal","https://proplogai.com/glossary/trading-journal","trading journal","trading journal","Preserves the pre-session record.","related_definition","live_verified","audited_destination","200","https://proplogai.com/glossary/trading-journal","2026-10-09","J13 local implementation and rendered-link review; production remains unchanged. K2 live glossary crawl verified the released source page and reachable destination on 2026-10-09."
"proplogai-2026-10-08-pre-market-routine","https://proplogai.com/glossary/pre-market-routine","pre market routine","proplogai-2026-10-06-trade-review","https://proplogai.com/glossary/trade-review","trade review","trade review","Connects the saved routine to later comparison.","related_definition","live_verified","audited_destination","200","https://proplogai.com/glossary/trade-review","2026-10-09","J13 local implementation and rendered-link review; production remains unchanged. K2 live glossary crawl verified the released source page and reachable destination on 2026-10-09."
"proplogai-2026-10-08-pre-market-routine","https://proplogai.com/glossary/pre-market-routine","pre market routine","proplogai-2026-10-05-position-sizing","https://proplogai.com/glossary/position-sizing","position sizing","position sizing","Explains the planned-size field.","related_definition","live_verified","audited_destination","200","https://proplogai.com/glossary/position-sizing","2026-10-09","J13 local implementation and rendered-link review; production remains unchanged. K2 live glossary crawl verified the released source page and reachable destination on 2026-10-09."
"proplogai-2026-10-08-pre-market-routine","https://proplogai.com/glossary/pre-market-routine","pre market routine","proplogai-2026-10-05-risk-per-trade","https://proplogai.com/glossary/risk-per-trade","risk per trade","risk per trade","Explains the planned USD-loss field.","related_definition","live_verified","audited_destination","200","https://proplogai.com/glossary/risk-per-trade","2026-10-09","J13 local implementation and rendered-link review; production remains unchanged. K2 live glossary crawl verified the released source page and reachable destination on 2026-10-09."
"proplogai-2026-10-08-pre-market-routine","https://proplogai.com/glossary/pre-market-routine","pre market routine","proplogai-2026-10-05-stop-loss","https://proplogai.com/glossary/stop-loss","stop loss","stop loss","Explains the stop field.","related_definition","live_verified","audited_destination","200","https://proplogai.com/glossary/stop-loss","2026-10-09","J13 local implementation and rendered-link review; production remains unchanged. K2 live glossary crawl verified the released source page and reachable destination on 2026-10-09."
"proplogai-2026-10-08-pre-market-routine","https://proplogai.com/glossary/pre-market-routine","pre market routine","proplogai-2026-10-04-trading-discipline-checklist","https://proplogai.com/blogs/trading-discipline-checklist","trading discipline checklist","trading discipline checklist","Provides the practical pre-entry check.","glossary_to_blog","live_verified","audited_destination","200","https://proplogai.com/blogs/trading-discipline-checklist","2026-10-09","J13 local implementation and rendered-link review; production remains unchanged. K2 live glossary crawl verified the released source page and reachable destination on 2026-10-09."
"proplogai-2026-10-08-pre-market-routine","https://proplogai.com/glossary/pre-market-routine","pre market routine","proplogai-live-blog-prop-firm-trading-rulebook","https://proplogai.com/blogs/prop-firm-trading-rulebook","trading rulebook","prop-firm rulebook guide","Connects the routine to the wider firm-rule process.","glossary_to_blog","live_verified","audited_destination","200","https://proplogai.com/blogs/prop-firm-trading-rulebook","2026-10-09","J13 local implementation and rendered-link review; production remains unchanged. K2 live glossary crawl verified the released source page and reachable destination on 2026-10-09."
"proplogai-2026-10-08-pre-market-routine","https://proplogai.com/glossary/pre-market-routine","pre market routine","proplogai-live-blog-trading-discipline-prop-firm","https://proplogai.com/blogs/trading-discipline-prop-firm","trading discipline","trading discipline guide","Connects the definition to the discipline pillar.","cluster_to_pillar","live_verified","audited_destination","200","https://proplogai.com/blogs/trading-discipline-prop-firm","2026-10-09","J13 local implementation and rendered-link review; production remains unchanged. K2 live glossary crawl verified the released source page and reachable destination on 2026-10-09."
"proplogai-2026-10-08-prop-firm-challenge","https://proplogai.com/glossary/prop-firm-challenge","prop firm challenge","proplogai-2026-10-05-profit-target","https://proplogai.com/glossary/profit-target","prop firm profit target","profit target","Defines the first challenge condition.","related_definition","live_verified","audited_destination","200","https://proplogai.com/glossary/profit-target","2026-10-09","J14 local implementation and rendered-link review; production remains unchanged. K2 live glossary crawl verified the released source page and reachable destination on 2026-10-09."
"proplogai-2026-10-08-prop-firm-challenge","https://proplogai.com/glossary/prop-firm-challenge","prop firm challenge","proplogai-2026-10-08-daily-drawdown-limit","https://proplogai.com/glossary/daily-drawdown-limit","daily drawdown limit","daily loss limit","Defines the daily account-floor check.","related_definition","live_verified","audited_destination","200","https://proplogai.com/glossary/daily-drawdown-limit","2026-10-09","J14 local implementation and rendered-link review; production remains unchanged. K2 live glossary crawl verified the released source page and reachable destination on 2026-10-09."
"proplogai-2026-10-08-prop-firm-challenge","https://proplogai.com/glossary/prop-firm-challenge","prop firm challenge","proplogai-2026-10-08-overall-drawdown-limit","https://proplogai.com/glossary/overall-drawdown-limit","overall drawdown limit","overall loss limit","Defines the overall account-floor check.","related_definition","live_verified","audited_destination","200","https://proplogai.com/glossary/overall-drawdown-limit","2026-10-09","J14 local implementation and rendered-link review; production remains unchanged. K2 live glossary crawl verified the released source page and reachable destination on 2026-10-09."
"proplogai-2026-10-08-prop-firm-challenge","https://proplogai.com/glossary/prop-firm-challenge","prop firm challenge","proplogai-live-glossary-consistency-rule","https://proplogai.com/glossary/consistency-rule","prop firm consistency rule","consistency rule","Shows one possible program-specific condition.","related_definition","live_verified","audited_destination","200","https://proplogai.com/glossary/consistency-rule","2026-10-09","J14 local implementation and rendered-link review; production remains unchanged. K2 live glossary crawl verified the released source page and reachable destination on 2026-10-09."
"proplogai-2026-10-08-prop-firm-challenge","https://proplogai.com/glossary/prop-firm-challenge","prop firm challenge","proplogai-2026-10-08-funded-account","https://proplogai.com/glossary/funded-account","funded trading account","funded account","Explains the possible next account stage.","related_definition","live_verified","audited_destination","200","https://proplogai.com/glossary/funded-account","2026-10-09","J14 local implementation and rendered-link review; production remains unchanged. K2 live glossary crawl verified the released source page and reachable destination on 2026-10-09."
"proplogai-2026-10-08-prop-firm-challenge","https://proplogai.com/glossary/prop-firm-challenge","prop firm challenge","proplogai-2026-10-02-prop-firm-rules-guide","https://proplogai.com/blogs/prop-firm-rules-guide","prop firm rules","prop firm rules guide","Provides the wider rule-review workflow.","cluster_to_pillar","live_verified","audited_destination","200","https://proplogai.com/blogs/prop-firm-rules-guide","2026-10-09","J14 local implementation and rendered-link review; production remains unchanged. K2 live glossary crawl verified the released source page and reachable destination on 2026-10-09."
"proplogai-2026-10-08-prop-firm-challenge","https://proplogai.com/glossary/prop-firm-challenge","prop firm challenge","proplogai-live-blog-prop-firm-challenge-readiness","https://proplogai.com/blogs/prop-firm-challenge-readiness","prop firm challenge readiness","challenge readiness guide","Connects the definition to the preparation workflow.","cluster_to_pillar","live_verified","audited_destination","200","https://proplogai.com/blogs/prop-firm-challenge-readiness","2026-10-09","J14 local implementation and rendered-link review; production remains unchanged. K2 live glossary crawl verified the released source page and reachable destination on 2026-10-09."
"proplogai-2026-10-08-funded-account","https://proplogai.com/glossary/funded-account","funded trading account","proplogai-2026-10-08-prop-firm-challenge","https://proplogai.com/glossary/prop-firm-challenge","prop firm challenge","prop firm challenge","Explains the evaluation stage before the account.","related_definition","live_verified","audited_destination","200","https://proplogai.com/glossary/prop-firm-challenge","2026-10-09","J14 local implementation and rendered-link review; production remains unchanged. K2 live glossary crawl verified the released source page and reachable destination on 2026-10-09."
"proplogai-2026-10-08-funded-account","https://proplogai.com/glossary/funded-account","funded trading account","proplogai-2026-10-08-daily-drawdown-limit","https://proplogai.com/glossary/daily-drawdown-limit","daily drawdown limit","daily loss limit","Defines the daily account-floor check.","related_definition","live_verified","audited_destination","200","https://proplogai.com/glossary/daily-drawdown-limit","2026-10-09","J14 local implementation and rendered-link review; production remains unchanged. K2 live glossary crawl verified the released source page and reachable destination on 2026-10-09."
"proplogai-2026-10-08-funded-account","https://proplogai.com/glossary/funded-account","funded trading account","proplogai-2026-10-08-overall-drawdown-limit","https://proplogai.com/glossary/overall-drawdown-limit","overall drawdown limit","overall loss limit","Defines the overall account-floor check.","related_definition","live_verified","audited_destination","200","https://proplogai.com/glossary/overall-drawdown-limit","2026-10-09","J14 local implementation and rendered-link review; production remains unchanged. K2 live glossary crawl verified the released source page and reachable destination on 2026-10-09."
"proplogai-2026-10-08-funded-account","https://proplogai.com/glossary/funded-account","funded trading account","proplogai-live-glossary-consistency-rule","https://proplogai.com/glossary/consistency-rule","prop firm consistency rule","consistency rule","Shows one possible program-specific condition.","related_definition","live_verified","audited_destination","200","https://proplogai.com/glossary/consistency-rule","2026-10-09","J14 local implementation and rendered-link review; production remains unchanged. K2 live glossary crawl verified the released source page and reachable destination on 2026-10-09."
"proplogai-2026-10-08-funded-account","https://proplogai.com/glossary/funded-account","funded trading account","proplogai-2026-10-02-prop-firm-payout-rules","https://proplogai.com/blogs/prop-firm-payout-rules","prop firm payout","prop firm payout rules guide","Provides the reward-request checklist.","definition_to_cluster","live_verified","audited_destination","200","https://proplogai.com/blogs/prop-firm-payout-rules","2026-10-09","J14 local implementation and rendered-link review; production remains unchanged. K2 live glossary crawl verified the released source page and reachable destination on 2026-10-09."
"proplogai-2026-10-08-funded-account","https://proplogai.com/glossary/funded-account","funded trading account","proplogai-live-blog-prop-firm-challenge-readiness","https://proplogai.com/blogs/prop-firm-challenge-readiness","prop firm challenge readiness","challenge readiness guide","Connects the definition to the preparation workflow.","cluster_to_pillar","live_verified","audited_destination","200","https://proplogai.com/blogs/prop-firm-challenge-readiness","2026-10-09","J14 local implementation and rendered-link review; production remains unchanged. K2 live glossary crawl verified the released source page and reachable destination on 2026-10-09."
"proplogai-2026-10-08-daily-drawdown-limit","https://proplogai.com/glossary/daily-drawdown-limit","daily drawdown limit","proplogai-2026-10-05-risk-per-trade","https://proplogai.com/glossary/risk-per-trade","risk per trade","risk-per-trade rule","Keeps planned risk separate from the floor buffer.","related_definition","live_verified","audited_destination","200","https://proplogai.com/glossary/risk-per-trade","2026-10-09","J15 local implementation and rendered-link review; production remains unchanged. K2 live glossary crawl verified the released source page and reachable destination on 2026-10-09."
"proplogai-2026-10-08-daily-drawdown-limit","https://proplogai.com/glossary/daily-drawdown-limit","daily drawdown limit","proplogai-2026-10-08-overall-drawdown-limit","https://proplogai.com/glossary/overall-drawdown-limit","overall drawdown limit","overall drawdown limit","Separates the account-period floor from the daily floor.","related_definition","live_verified","audited_destination","200","https://proplogai.com/glossary/overall-drawdown-limit","2026-10-09","J15 local implementation and rendered-link review; production remains unchanged. K2 live glossary crawl verified the released source page and reachable destination on 2026-10-09."
"proplogai-2026-10-08-daily-drawdown-limit","https://proplogai.com/glossary/daily-drawdown-limit","daily drawdown limit","proplogai-2026-09-25-daily-drawdown-calculator","https://proplogai.com/blogs/daily-drawdown-calculator","daily drawdown calculator","daily drawdown calculator","Provides the practical official-floor calculation.","definition_to_utility","live_verified","audited_destination","200","https://proplogai.com/blogs/daily-drawdown-calculator","2026-10-09","J15 local implementation and rendered-link review; production remains unchanged. K2 live glossary crawl verified the released source page and reachable destination on 2026-10-09."
"proplogai-2026-10-08-overall-drawdown-limit","https://proplogai.com/glossary/overall-drawdown-limit","overall drawdown limit","proplogai-2026-10-08-daily-drawdown-limit","https://proplogai.com/glossary/daily-drawdown-limit","daily drawdown limit","daily drawdown limit","Explains the separate daily floor.","related_definition","live_verified","audited_destination","200","https://proplogai.com/glossary/daily-drawdown-limit","2026-10-09","J15 local implementation and rendered-link review; production remains unchanged. K2 live glossary crawl verified the released source page and reachable destination on 2026-10-09."
"proplogai-2026-10-08-overall-drawdown-limit","https://proplogai.com/glossary/overall-drawdown-limit","overall drawdown limit","proplogai-2026-10-01-drawdown","https://proplogai.com/glossary/drawdown","drawdown in prop firm","drawdown","Explains the broader performance decline.","related_definition","live_verified","audited_destination","200","https://proplogai.com/glossary/drawdown","2026-10-09","J15 local implementation and rendered-link review; production remains unchanged. K2 live glossary crawl verified the released source page and reachable destination on 2026-10-09."
"proplogai-2026-10-08-overall-drawdown-limit","https://proplogai.com/glossary/overall-drawdown-limit","overall drawdown limit","proplogai-2026-09-25-daily-drawdown-calculator","https://proplogai.com/blogs/daily-drawdown-calculator","daily drawdown calculator","drawdown calculator guide","Provides the practical official-floor comparison.","definition_to_utility","live_verified","audited_destination","200","https://proplogai.com/blogs/daily-drawdown-calculator","2026-10-09","J15 local implementation and rendered-link review; production remains unchanged. K2 live glossary crawl verified the released source page and reachable destination on 2026-10-09."
"proplogai-2026-10-08-overtrading","https://proplogai.com/glossary/overtrading","overtrading","proplogai-2026-10-06-trading-plan","https://proplogai.com/glossary/trading-plan","trading plan","trading plan","Defines the written reference used to identify a process change.","related_definition","live_verified","audited_destination","200","https://proplogai.com/glossary/trading-plan","2026-10-09","J16 local implementation and source-link review; production remains unchanged. K2 live glossary crawl verified the released source page and reachable destination on 2026-10-09."
"proplogai-2026-10-08-overtrading","https://proplogai.com/glossary/overtrading","overtrading","proplogai-2026-10-07-setup-compliance","https://proplogai.com/glossary/setup-compliance","setup compliance","setup compliance","Supports the condition-by-condition comparison.","related_definition","live_verified","audited_destination","200","https://proplogai.com/glossary/setup-compliance","2026-10-09","J16 local implementation and source-link review; production remains unchanged. K2 live glossary crawl verified the released source page and reachable destination on 2026-10-09."
"proplogai-2026-10-08-overtrading","https://proplogai.com/glossary/overtrading","overtrading","proplogai-2026-10-08-revenge-trading","https://proplogai.com/glossary/revenge-trading","revenge trading","revenge trading","Separates the recovery motive from wider process change.","related_definition","live_verified","audited_destination","200","https://proplogai.com/glossary/revenge-trading","2026-10-09","J16 local implementation and source-link review; production remains unchanged. K2 live glossary crawl verified the released source page and reachable destination on 2026-10-09."
"proplogai-2026-10-08-overtrading","https://proplogai.com/glossary/overtrading","overtrading","proplogai-2026-10-05-fomo","https://proplogai.com/glossary/fomo","FOMO in trading","FOMO","Separates missed-move pressure from overtrading.","related_definition","live_verified","audited_destination","200","https://proplogai.com/glossary/fomo","2026-10-09","J16 local implementation and source-link review; production remains unchanged. K2 live glossary crawl verified the released source page and reachable destination on 2026-10-09."
"proplogai-2026-10-08-overtrading","https://proplogai.com/glossary/overtrading","overtrading","proplogai-2026-10-06-trading-journal","https://proplogai.com/glossary/trading-journal","trading journal","trading journal","Preserves the evidence used in the later comparison.","related_definition","live_verified","audited_destination","200","https://proplogai.com/glossary/trading-journal","2026-10-09","J16 local implementation and source-link review; production remains unchanged. K2 live glossary crawl verified the released source page and reachable destination on 2026-10-09."
"proplogai-2026-10-08-overtrading","https://proplogai.com/glossary/overtrading","overtrading","proplogai-2026-10-06-trade-review","https://proplogai.com/glossary/trade-review","trade review","trade review","Provides the later multi-record comparison.","related_definition","live_verified","audited_destination","200","https://proplogai.com/glossary/trade-review","2026-10-09","J16 local implementation and source-link review; production remains unchanged. K2 live glossary crawl verified the released source page and reachable destination on 2026-10-09."
"proplogai-2026-10-08-overtrading","https://proplogai.com/glossary/overtrading","overtrading","proplogai-live-blog-overtrading-prop-firm-challenges","https://proplogai.com/blogs/overtrading-prop-firm-challenges","overtrading in prop firm challenges","overtrading guide","Provides the full practical review workflow.","glossary_to_blog","live_verified","audited_destination","200","https://proplogai.com/blogs/overtrading-prop-firm-challenges","2026-10-09","J16 local implementation and source-link review; production remains unchanged. K2 live glossary crawl verified the released source page and reachable destination on 2026-10-09."
"proplogai-2026-10-08-overtrading","https://proplogai.com/glossary/overtrading","overtrading","proplogai-live-blog-trading-discipline-prop-firm","https://proplogai.com/blogs/trading-discipline-prop-firm","trading discipline","trading discipline guide","Connects the term to the cluster pillar.","cluster_to_pillar","live_verified","audited_destination","200","https://proplogai.com/blogs/trading-discipline-prop-firm","2026-10-09","J16 local implementation and source-link review; production remains unchanged. K2 live glossary crawl verified the released source page and reachable destination on 2026-10-09."
"proplogai-2026-10-08-revenge-trading","https://proplogai.com/glossary/revenge-trading","revenge trading","proplogai-2026-10-06-trading-plan","https://proplogai.com/glossary/trading-plan","trading plan","trading plan","Defines the written reference for the post-loss comparison.","related_definition","live_verified","audited_destination","200","https://proplogai.com/glossary/trading-plan","2026-10-09","J16 local implementation and source-link review; production remains unchanged. K2 live glossary crawl verified the released source page and reachable destination on 2026-10-09."
"proplogai-2026-10-08-revenge-trading","https://proplogai.com/glossary/revenge-trading","revenge trading","proplogai-2026-10-07-setup-compliance","https://proplogai.com/glossary/setup-compliance","setup compliance","setup compliance","Supports the valid-next-setup comparison.","related_definition","live_verified","audited_destination","200","https://proplogai.com/glossary/setup-compliance","2026-10-09","J16 local implementation and source-link review; production remains unchanged. K2 live glossary crawl verified the released source page and reachable destination on 2026-10-09."
"proplogai-2026-10-08-revenge-trading","https://proplogai.com/glossary/revenge-trading","revenge trading","proplogai-2026-10-08-tilt","https://proplogai.com/glossary/tilt","tilt in trading","tilt","Separates the broader pressure state.","related_definition","live_verified","audited_destination","200","https://proplogai.com/glossary/tilt","2026-10-09","J16 local implementation and source-link review; production remains unchanged. K2 live glossary crawl verified the released source page and reachable destination on 2026-10-09."
"proplogai-2026-10-08-revenge-trading","https://proplogai.com/glossary/revenge-trading","revenge trading","proplogai-2026-10-08-overtrading","https://proplogai.com/glossary/overtrading","overtrading","overtrading","Separates the wider process change.","related_definition","live_verified","audited_destination","200","https://proplogai.com/glossary/overtrading","2026-10-09","J16 local implementation and source-link review; production remains unchanged. K2 live glossary crawl verified the released source page and reachable destination on 2026-10-09."
"proplogai-2026-10-08-revenge-trading","https://proplogai.com/glossary/revenge-trading","revenge trading","proplogai-live-glossary-emotion-tracking","https://proplogai.com/glossary/emotion-tracking","trading emotion tracking","emotion record","Adds context without proving causation.","related_definition","live_verified","audited_destination","200","https://proplogai.com/glossary/emotion-tracking","2026-10-09","J16 local implementation and source-link review; production remains unchanged. K2 live glossary crawl verified the released source page and reachable destination on 2026-10-09."
"proplogai-2026-10-08-revenge-trading","https://proplogai.com/glossary/revenge-trading","revenge trading","proplogai-2026-10-06-trading-journal","https://proplogai.com/glossary/trading-journal","trading journal","trading journal","Preserves the wider evidence.","related_definition","live_verified","audited_destination","200","https://proplogai.com/glossary/trading-journal","2026-10-09","J16 local implementation and source-link review; production remains unchanged. K2 live glossary crawl verified the released source page and reachable destination on 2026-10-09."
"proplogai-2026-10-08-revenge-trading","https://proplogai.com/glossary/revenge-trading","revenge trading","proplogai-2026-10-06-trade-review","https://proplogai.com/glossary/trade-review","trade review","trade review","Compares several similar decisions.","related_definition","live_verified","audited_destination","200","https://proplogai.com/glossary/trade-review","2026-10-09","J16 local implementation and source-link review; production remains unchanged. K2 live glossary crawl verified the released source page and reachable destination on 2026-10-09."
"proplogai-2026-10-08-revenge-trading","https://proplogai.com/glossary/revenge-trading","revenge trading","proplogai-2026-10-04-revenge-trading-prop-firm","https://proplogai.com/blogs/revenge-trading-prop-firm","how to stop revenge trading","revenge-trading guide","Provides the full post-loss interruption workflow.","glossary_to_blog","live_verified","audited_destination","200","https://proplogai.com/blogs/revenge-trading-prop-firm","2026-10-09","J16 local implementation and source-link review; production remains unchanged. K2 live glossary crawl verified the released source page and reachable destination on 2026-10-09."
"proplogai-2026-10-08-revenge-trading","https://proplogai.com/glossary/revenge-trading","revenge trading","proplogai-live-blog-trading-psychology-prop-firm","https://proplogai.com/blogs/trading-psychology-prop-firm","trading psychology","trading psychology guide","Connects the term to the cluster pillar.","cluster_to_pillar","live_verified","audited_destination","200","https://proplogai.com/blogs/trading-psychology-prop-firm","2026-10-09","J16 local implementation and source-link review; production remains unchanged. K2 live glossary crawl verified the released source page and reachable destination on 2026-10-09."
"proplogai-2026-10-08-consistency-rule","https://proplogai.com/glossary/consistency-rule","prop firm consistency rule","proplogai-tool-consistency-calculator","https://proplogai.com/tools/consistency-calculator","consistency calculator","PropLogAI consistency calculator","Routes the calculation task to the existing best-day and best-trade tool.","definition_to_tool","live_verified","audited_destination","200","https://proplogai.com/tools/consistency-calculator","2026-10-09","J17 local implementation and source-link review; production remains unchanged. K2 live glossary crawl verified the released source page and reachable destination on 2026-10-09."
"proplogai-2026-10-08-consistency-rule","https://proplogai.com/glossary/consistency-rule","prop firm consistency rule","proplogai-2026-09-29-prop-firm-consistency-calculator","https://proplogai.com/blogs/prop-firm-consistency-calculator","consistency rule calculator","consistency rule calculator guide","Provides the complete worked method.","glossary_to_blog","live_verified","audited_destination","200","https://proplogai.com/blogs/prop-firm-consistency-calculator","2026-10-09","J17 local implementation and source-link review; production remains unchanged. K2 live glossary crawl verified the released source page and reachable destination on 2026-10-09."
"proplogai-2026-10-08-consistency-rule","https://proplogai.com/glossary/consistency-rule","prop firm consistency rule","proplogai-live-blog-prop-firm-challenge-readiness","https://proplogai.com/blogs/prop-firm-challenge-readiness","prop firm challenge readiness","prop firm challenge readiness guide","Connects the definition to the rule-readiness pillar.","cluster_to_pillar","live_verified","audited_destination","200","https://proplogai.com/blogs/prop-firm-challenge-readiness","2026-10-09","J17 local implementation and source-link review; production remains unchanged. K2 live glossary crawl verified the released source page and reachable destination on 2026-10-09."
"proplogai-2026-10-08-emotion-tracking","https://proplogai.com/glossary/emotion-tracking","trading emotion tracking","proplogai-2026-10-06-trading-plan","https://proplogai.com/glossary/trading-plan","trading plan","trading plan","Defines the condition written before the decision.","related_definition","live_verified","audited_destination","200","https://proplogai.com/glossary/trading-plan","2026-10-09","J17 local implementation and source-link review; production remains unchanged. K2 live glossary crawl verified the released source page and reachable destination on 2026-10-09."
"proplogai-2026-10-08-emotion-tracking","https://proplogai.com/glossary/emotion-tracking","trading emotion tracking","proplogai-2026-10-07-setup-compliance","https://proplogai.com/glossary/setup-compliance","setup compliance","setup compliance","Compares the observable action with the planned condition.","related_definition","live_verified","audited_destination","200","https://proplogai.com/glossary/setup-compliance","2026-10-09","J17 local implementation and source-link review; production remains unchanged. K2 live glossary crawl verified the released source page and reachable destination on 2026-10-09."
"proplogai-2026-10-08-emotion-tracking","https://proplogai.com/glossary/emotion-tracking","trading emotion tracking","proplogai-2026-10-06-trade-review","https://proplogai.com/glossary/trade-review","trade review","trade review","Supports the later multi-record comparison.","related_definition","live_verified","audited_destination","200","https://proplogai.com/glossary/trade-review","2026-10-09","J17 local implementation and source-link review; production remains unchanged. K2 live glossary crawl verified the released source page and reachable destination on 2026-10-09."
"proplogai-2026-10-08-emotion-tracking","https://proplogai.com/glossary/emotion-tracking","trading emotion tracking","proplogai-2026-10-08-tilt","https://proplogai.com/glossary/tilt","tilt in trading","tilt","Separates a broader pressure state.","related_definition","live_verified","audited_destination","200","https://proplogai.com/glossary/tilt","2026-10-09","J17 local implementation and source-link review; production remains unchanged. K2 live glossary crawl verified the released source page and reachable destination on 2026-10-09."
"proplogai-2026-10-08-emotion-tracking","https://proplogai.com/glossary/emotion-tracking","trading emotion tracking","proplogai-2026-10-05-fomo","https://proplogai.com/glossary/fomo","FOMO in trading","FOMO","Separates missed-move pressure.","related_definition","live_verified","audited_destination","200","https://proplogai.com/glossary/fomo","2026-10-09","J17 local implementation and source-link review; production remains unchanged. K2 live glossary crawl verified the released source page and reachable destination on 2026-10-09."
"proplogai-2026-10-08-emotion-tracking","https://proplogai.com/glossary/emotion-tracking","trading emotion tracking","proplogai-2026-10-08-revenge-trading","https://proplogai.com/glossary/revenge-trading","revenge trading","revenge trading","Separates the post-loss recovery purpose.","related_definition","live_verified","audited_destination","200","https://proplogai.com/glossary/revenge-trading","2026-10-09","J17 local implementation and source-link review; production remains unchanged. K2 live glossary crawl verified the released source page and reachable destination on 2026-10-09."
"proplogai-2026-10-08-emotion-tracking","https://proplogai.com/glossary/emotion-tracking","trading emotion tracking","proplogai-2026-09-25-how-emotions-affect-trading-decisions","https://proplogai.com/blogs/how-emotions-affect-trading-decisions","how emotions affect trading decisions","emotion and decision guide","Provides the detailed single-decision example.","glossary_to_blog","live_verified","audited_destination","200","https://proplogai.com/blogs/how-emotions-affect-trading-decisions","2026-10-09","J17 local implementation and source-link review; production remains unchanged. K2 live glossary crawl verified the released source page and reachable destination on 2026-10-09."
"proplogai-2026-10-08-emotion-tracking","https://proplogai.com/glossary/emotion-tracking","trading emotion tracking","proplogai-live-blog-tracking-trading-emotions","https://proplogai.com/blogs/tracking-trading-emotions","how to track trading emotions","emotion-tracking guide","Provides the complete reusable workflow.","glossary_to_blog","live_verified","audited_destination","200","https://proplogai.com/blogs/tracking-trading-emotions","2026-10-09","J17 local implementation and source-link review; production remains unchanged. K2 live glossary crawl verified the released source page and reachable destination on 2026-10-09."
"proplogai-2026-10-09-how-to-calculate-position-size-forex","https://proplogai.com/blogs/how-to-calculate-position-size-forex","how to calculate position size in forex","proplogai-tool-position-size-calculator","https://proplogai.com/tools/position-size-calculator","forex position size calculator","forex position size calculator","Links early to the deterministic calculator.","blog_to_tool","live_verified","audited_live_page","200","https://proplogai.com/tools/position-size-calculator","2026-10-09","K4 production verification confirmed the released source, reachable destination, self-canonical and sitemap coverage on 2026-10-09."
"proplogai-2026-10-09-how-to-calculate-position-size-forex","https://proplogai.com/blogs/how-to-calculate-position-size-forex","how to calculate position size in forex","proplogai-2026-10-05-position-sizing","https://proplogai.com/glossary/position-sizing","position sizing","position sizing","Defines the core calculation.","blog_to_glossary","live_verified","audited_live_page","200","https://proplogai.com/glossary/position-sizing","2026-10-09","K4 production verification confirmed the released source, reachable destination, self-canonical and sitemap coverage on 2026-10-09."
"proplogai-2026-10-09-how-to-calculate-position-size-forex","https://proplogai.com/blogs/how-to-calculate-position-size-forex","how to calculate position size in forex","proplogai-2026-10-05-risk-per-trade","https://proplogai.com/glossary/risk-per-trade","risk per trade","risk per trade","Defines the planned USD-loss input.","blog_to_glossary","live_verified","audited_live_page","200","https://proplogai.com/glossary/risk-per-trade","2026-10-09","K4 production verification confirmed the released source, reachable destination, self-canonical and sitemap coverage on 2026-10-09."
"proplogai-2026-10-09-how-to-calculate-position-size-forex","https://proplogai.com/blogs/how-to-calculate-position-size-forex","how to calculate position size in forex","proplogai-2026-10-05-stop-loss","https://proplogai.com/glossary/stop-loss","stop loss","stop loss","Defines the planned stop and fill limitation.","blog_to_glossary","live_verified","audited_live_page","200","https://proplogai.com/glossary/stop-loss","2026-10-09","K4 production verification confirmed the released source, reachable destination, self-canonical and sitemap coverage on 2026-10-09."
"proplogai-2026-10-09-how-to-calculate-position-size-forex","https://proplogai.com/blogs/how-to-calculate-position-size-forex","how to calculate position size in forex","proplogai-2026-10-08-daily-drawdown-limit","https://proplogai.com/glossary/daily-drawdown-limit","daily drawdown limit","daily drawdown limit","Separates account-level daily checks.","blog_to_glossary","live_verified","audited_live_page","200","https://proplogai.com/glossary/daily-drawdown-limit","2026-10-09","K4 production verification confirmed the released source, reachable destination, self-canonical and sitemap coverage on 2026-10-09."
"proplogai-2026-10-09-how-to-calculate-position-size-forex","https://proplogai.com/blogs/how-to-calculate-position-size-forex","how to calculate position size in forex","proplogai-2026-10-08-overall-drawdown-limit","https://proplogai.com/glossary/overall-drawdown-limit","overall drawdown limit","overall drawdown limit","Separates account-wide checks.","blog_to_glossary","live_verified","audited_live_page","200","https://proplogai.com/glossary/overall-drawdown-limit","2026-10-09","K4 production verification confirmed the released source, reachable destination, self-canonical and sitemap coverage on 2026-10-09."
"proplogai-2026-10-09-how-to-calculate-position-size-forex","https://proplogai.com/blogs/how-to-calculate-position-size-forex","how to calculate position size in forex","proplogai-2026-10-08-revenge-trading","https://proplogai.com/glossary/revenge-trading","revenge trading","revenge trading","Explains the post-loss sizing urge.","blog_to_glossary","live_verified","audited_live_page","200","https://proplogai.com/glossary/revenge-trading","2026-10-09","K4 production verification confirmed the released source, reachable destination, self-canonical and sitemap coverage on 2026-10-09."
"proplogai-2026-10-09-how-to-calculate-position-size-forex","https://proplogai.com/blogs/how-to-calculate-position-size-forex","how to calculate position size in forex","proplogai-live-blog-prop-firm-risk-management","https://proplogai.com/blogs/prop-firm-risk-management","prop firm risk management","forex and prop-firm risk-management guide","Routes to the wider risk workflow.","cluster_to_pillar","live_verified","audited_live_page","200","https://proplogai.com/blogs/prop-firm-risk-management","2026-10-09","K4 production verification confirmed the released source, reachable destination, self-canonical and sitemap coverage on 2026-10-09."
"proplogai-2026-10-05-position-sizing","https://proplogai.com/glossary/position-sizing","position sizing","proplogai-tool-position-size-calculator","https://proplogai.com/tools/position-size-calculator","forex position size calculator","forex position size calculator","K3 reciprocal cluster handoff.","glossary_to_tool","live_verified","audited_live_page","200","https://proplogai.com/tools/position-size-calculator","2026-10-09","K4 production verification confirmed the released source, reachable destination, self-canonical and sitemap coverage on 2026-10-09."
"proplogai-2026-10-05-position-sizing","https://proplogai.com/glossary/position-sizing","position sizing","proplogai-2026-10-09-how-to-calculate-position-size-forex","https://proplogai.com/blogs/how-to-calculate-position-size-forex","how to calculate position size in forex","step-by-step position-size guide","K3 reciprocal cluster handoff.","glossary_to_blog","live_verified","audited_live_page","200","https://proplogai.com/blogs/how-to-calculate-position-size-forex","2026-10-09","K4 production verification confirmed the released source, reachable destination, self-canonical and sitemap coverage on 2026-10-09."
"proplogai-2026-10-05-risk-per-trade","https://proplogai.com/glossary/risk-per-trade","risk per trade","proplogai-tool-position-size-calculator","https://proplogai.com/tools/position-size-calculator","forex position size calculator","forex position size calculator","K3 reciprocal cluster handoff.","glossary_to_tool","live_verified","audited_live_page","200","https://proplogai.com/tools/position-size-calculator","2026-10-09","K4 production verification confirmed the released source, reachable destination, self-canonical and sitemap coverage on 2026-10-09."
"proplogai-2026-10-05-risk-per-trade","https://proplogai.com/glossary/risk-per-trade","risk per trade","proplogai-2026-10-09-how-to-calculate-position-size-forex","https://proplogai.com/blogs/how-to-calculate-position-size-forex","how to calculate position size in forex","position-size calculation guide","K3 reciprocal cluster handoff.","glossary_to_blog","live_verified","audited_live_page","200","https://proplogai.com/blogs/how-to-calculate-position-size-forex","2026-10-09","K4 production verification confirmed the released source, reachable destination, self-canonical and sitemap coverage on 2026-10-09."
"proplogai-live-blog-prop-firm-risk-management","https://proplogai.com/blogs/prop-firm-risk-management","forex risk management","proplogai-tool-position-size-calculator","https://proplogai.com/tools/position-size-calculator","forex position size calculator","forex position size calculator","K3 reciprocal cluster handoff.","pillar_to_tool","live_verified","audited_live_page","200","https://proplogai.com/tools/position-size-calculator","2026-10-09","K4 production verification confirmed the released source, reachable destination, self-canonical and sitemap coverage on 2026-10-09."
"proplogai-live-blog-prop-firm-risk-management","https://proplogai.com/blogs/prop-firm-risk-management","forex risk management","proplogai-2026-10-09-how-to-calculate-position-size-forex","https://proplogai.com/blogs/how-to-calculate-position-size-forex","how to calculate position size in forex","position-size calculation guide","K3 reciprocal cluster handoff.","pillar_to_cluster","live_verified","audited_live_page","200","https://proplogai.com/blogs/how-to-calculate-position-size-forex","2026-10-09","K4 production verification confirmed the released source, reachable destination, self-canonical and sitemap coverage on 2026-10-09."
